dataset,model,seed,fraction,lr,epochs,best_val_iou,test_loss,test_iou,test_dice,test_pixel_acc,per_class_iou,per_class_dice,latency_ms,num_params,param_memory_mb,peak_cuda_memory_mb,checkpoint_path,history_path,class_names,train_time_s
KvasirSEG,unet_resnet34,42,1.0,0.0003,25,0.8984539628028869,0.1361602560679118,0.8833367458979289,0.9354581153392791,0.9660576375325521,"[0.9600614404678345, 0.8066120513280233]","[0.9795501605669658, 0.8913660701115926]",8.321094959974289,24451618,93.28,418.21,/kaggle/working/outputs_topic05/KvasirSEG/checkpoints/best_KvasirSEG_unet_resnet34_seed42_frac1p0_lr0p0003.pt,/kaggle/working/outputs_topic05/KvasirSEG/history/history_KvasirSEG_unet_resnet34_seed42_frac1p0_lr0p0003.csv,"[""background"", ""polyp""]",520.5690019130707
KvasirSEG,unet_resnet34,42,0.5,0.0003,25,0.8846724100907644,0.154389950633049,0.8732665212949117,0.929250628153483,0.962611083984375,"[0.9561652477582295, 0.7903677948315938]","[0.9774477767944336, 0.8810534795125325]",8.235853299993323,24451618,93.28,418.46,/kaggle/working/outputs_topic05/KvasirSEG/checkpoints/best_KvasirSEG_unet_resnet34_seed42_frac0p5_lr0p0003.pt,/kaggle/working/outputs_topic05/KvasirSEG/history/history_KvasirSEG_unet_resnet34_seed42_frac0p5_lr0p0003.csv,"[""background"", ""polyp""]",176.79890727996826
KvasirSEG,unet_resnet34,42,0.25,0.0003,25,0.868641578356425,0.18702958166599273,0.8624938587347667,0.922700530687968,0.9589593521753947,"[0.9519445260365804, 0.7730431914329529]","[0.9752577805519104, 0.8701432808240255]",8.437023119986407,24451618,93.28,416.59,/kaggle/working/outputs_topic05/KvasirSEG/checkpoints/best_KvasirSEG_unet_resnet34_seed42_frac0p25_lr0p0003.pt,/kaggle/working/outputs_topic05/KvasirSEG/history/history_KvasirSEG_unet_resnet34_seed42_frac0p25_lr0p0003.csv,"[""background"", ""polyp""]",376.2009608745575
KvasirSEG,unet_resnet34,2025,1.0,0.0003,25,0.8859365793069204,0.14008695463339488,0.878813677628835,0.9331529076894124,0.9640561938285828,"[0.957435139020284, 0.8001922162373861]","[0.9781929214795431, 0.8881128938992818]",8.199604140027077,24451618,93.28,418.09,/kaggle/working/outputs_topic05/KvasirSEG/checkpoints/best_KvasirSEG_unet_resnet34_seed2025_frac1p0_lr0p0003.pt,/kaggle/working/outputs_topic05/KvasirSEG/history/history_KvasirSEG_unet_resnet34_seed2025_frac1p0_lr0p0003.csv,"[""background"", ""polyp""]",422.5684587955475
KvasirSEG,unet_resnet34,2025,0.5,0.0003,25,0.8779810992876689,0.15519064009189606,0.8769743951161703,0.931672656138738,0.9645829280217488,"[0.9584265716870626, 0.7955222185452779]","[0.9787083911895752, 0.8846369210879008]",8.433561319980072,24451618,93.28,417.09,/kaggle/working/outputs_topic05/KvasirSEG/checkpoints/best_KvasirSEG_unet_resnet34_seed2025_frac0p5_lr0p0003.pt,/kaggle/working/outputs_topic05/KvasirSEG/history/history_KvasirSEG_unet_resnet34_seed2025_frac0p5_lr0p0003.csv,"[""background"", ""polyp""]",242.1383159160614
KvasirSEG,unet_resnet34,2025,0.25,0.0003,25,0.8483389544487,0.22147085189819335,0.8482079990704854,0.913016756772995,0.9542865006128947,"[0.9469345005353292, 0.7494814976056416]","[0.9725279275576274, 0.8535055859883627]",8.559655099961674,24451618,93.28,417.09,/kaggle/working/outputs_topic05/KvasirSEG/checkpoints/best_KvasirSEG_unet_resnet34_seed2025_frac0p25_lr0p0003.pt,/kaggle/working/outputs_topic05/KvasirSEG/history/history_KvasirSEG_unet_resnet34_seed2025_frac0p25_lr0p0003.csv,"[""background"", ""polyp""]",283.166095495224
KvasirSEG,unet_resnet34,3407,1.0,0.0003,25,0.8856332004070282,0.13394068757692973,0.8869003466765086,0.9375649023056031,0.9674713150660197,"[0.9617746965090433, 0.8120259968439738]","[0.9804033501942953, 0.8947264544169108]",8.40165049994539,24451618,93.28,417.09,/kaggle/working/outputs_topic05/KvasirSEG/checkpoints/best_KvasirSEG_unet_resnet34_seed3407_frac1p0_lr0p0003.pt,/kaggle/working/outputs_topic05/KvasirSEG/history/history_KvasirSEG_unet_resnet34_seed3407_frac1p0_lr0p0003.csv,"[""background"", ""polyp""]",333.6838262081146
KvasirSEG,unet_resnet34,3407,0.5,0.0003,25,0.874085255463918,0.155775874654452,0.875563372373581,0.9307033483187358,0.9630492154757182,"[0.9564882850646973, 0.7946384596824646]","[0.9776359899838766, 0.8837707066535949]",8.388090160005959,24451618,93.28,417.09,/kaggle/working/outputs_topic05/KvasirSEG/checkpoints/best_KvasirSEG_unet_resnet34_seed3407_frac0p5_lr0p0003.pt,/kaggle/working/outputs_topic05/KvasirSEG/history/history_KvasirSEG_unet_resnet34_seed3407_frac0p5_lr0p0003.csv,"[""background"", ""polyp""]",237.65578246116638
KvasirSEG,unet_resnet34,3407,0.25,0.0003,25,0.854003598690033,0.2085956350962321,0.8466454680760701,0.9122102252642313,0.9530603043238322,"[0.945297699769338, 0.7479932363828024]","[0.9716428470611572, 0.8527776034673055]",8.37384442005714,24451618,93.28,417.09,/kaggle/working/outputs_topic05/KvasirSEG/checkpoints/best_KvasirSEG_unet_resnet34_seed3407_frac0p25_lr0p0003.pt,/kaggle/working/outputs_topic05/KvasirSEG/history/history_KvasirSEG_unet_resnet34_seed3407_frac0p25_lr0p0003.csv,"[""background"", ""polyp""]",196.73877215385437
KvasirSEG,segnet_vgg16,42,1.0,0.0003,25,0.8856280366579692,0.14746415932973225,0.8745343144734701,0.930071835120519,0.9632083137830099,"[0.9567861247062683, 0.7922825042406718]","[0.9778192567825318, 0.8823244134585063]",19.841229480007314,29476418,112.44,566.63,/kaggle/working/outputs_topic05/KvasirSEG/checkpoints/best_KvasirSEG_segnet_vgg16_seed42_frac1p0_lr0p0003.pt,/kaggle/working/outputs_topic05/KvasirSEG/history/history_KvasirSEG_segnet_vgg16_seed42_frac1p0_lr0p0003.csv,"[""background"", ""polyp""]",474.0543394088745
KvasirSEG,segnet_vgg16,42,0.5,0.0003,25,0.8714369257291158,0.15341915686925253,0.8717773906389872,0.9284448699156443,0.9623099772135416,"[0.955836702187856, 0.7877180790901184]","[0.9773186643918356, 0.8795710754394531]",19.83589800001937,29476418,112.44,568.13,/kaggle/working/outputs_topic05/KvasirSEG/checkpoints/best_KvasirSEG_segnet_vgg16_seed42_frac0p5_lr0p0003.pt,/kaggle/working/outputs_topic05/KvasirSEG/history/history_KvasirSEG_segnet_vgg16_seed42_frac0p5_lr0p0003.csv,"[""background"", ""polyp""]",324.85479712486267
KvasirSEG,segnet_vgg16,42,0.25,0.0003,25,0.8323597959677378,0.19866154591242471,0.8371169221401215,0.9062807130813598,0.9513932299613953,"[0.943720920085907, 0.7305129241943359]","[0.970828808148702, 0.8417326180140178]",19.70021385997825,29476418,112.44,568.51,/kaggle/working/outputs_topic05/KvasirSEG/checkpoints/best_KvasirSEG_segnet_vgg16_seed42_frac0p25_lr0p0003.pt,/kaggle/working/outputs_topic05/KvasirSEG/history/history_KvasirSEG_segnet_vgg16_seed42_frac0p25_lr0p0003.csv,"[""background"", ""polyp""]",159.84188723564148
KvasirSEG,segnet_vgg16,2025,1.0,0.0003,25,0.8811447465419769,0.13912544548511505,0.8810434222221375,0.9339552438259124,0.9646306355794271,"[0.9582080856959025, 0.8038787587483724]","[0.9785438243548076, 0.8893666632970174]",19.84369935998984,29476418,112.44,570.13,/kaggle/working/outputs_topic05/KvasirSEG/checkpoints/best_KvasirSEG_segnet_vgg16_seed2025_frac1p0_lr0p0003.pt,/kaggle/working/outputs_topic05/KvasirSEG/history/history_KvasirSEG_segnet_vgg16_seed2025_frac1p0_lr0p0003.csv,"[""background"", ""polyp""]",534.945568561554
KvasirSEG,segnet_vgg16,2025,0.5,0.0003,25,0.8713305274645488,0.1503875861565272,0.8793186914920806,0.933225402434667,0.9642521174748738,"[0.9578735240300497, 0.8007638589541117]","[0.9783709176381429, 0.888079887231191]",20.02556468003604,29476418,112.44,569.63,/kaggle/working/outputs_topic05/KvasirSEG/checkpoints/best_KvasirSEG_segnet_vgg16_seed2025_frac0p5_lr0p0003.pt,/kaggle/working/outputs_topic05/KvasirSEG/history/history_KvasirSEG_segnet_vgg16_seed2025_frac0p5_lr0p0003.csv,"[""background"", ""polyp""]",383.408700466156
KvasirSEG,segnet_vgg16,2025,0.25,0.0003,25,0.84294983903567,0.18793664415677389,0.8522632928689321,0.9160371430714925,0.954858603477478,"[0.9473256119092306, 0.7572009738286336]","[0.9727013794581095, 0.8593729066848755]",20.26660459996492,29476418,112.44,568.63,/kaggle/working/outputs_topic05/KvasirSEG/checkpoints/best_KvasirSEG_segnet_vgg16_seed2025_frac0p25_lr0p0003.pt,/kaggle/working/outputs_topic05/KvasirSEG/history/history_KvasirSEG_segnet_vgg16_seed2025_frac0p25_lr0p0003.csv,"[""background"", ""polyp""]",379.8788390159607
KvasirSEG,segnet_vgg16,3407,1.0,0.0003,23,0.8750335315863291,0.14848288238048554,0.8671078312397004,0.9255583763122559,0.960157979329427,"[0.9532484364509582, 0.7809672260284424]","[0.9758932606379191, 0.8752234919865927]",19.76340569999593,29476418,112.44,568.51,/kaggle/working/outputs_topic05/KvasirSEG/checkpoints/best_KvasirSEG_segnet_vgg16_seed3407_frac1p0_lr0p0003.pt,/kaggle/working/outputs_topic05/KvasirSEG/history/history_KvasirSEG_segnet_vgg16_seed3407_frac1p0_lr0p0003.csv,"[""background"", ""polyp""]",436.71650314331055
KvasirSEG,segnet_vgg16,3407,0.5,0.0003,25,0.866016667286555,0.1543707686662674,0.8663454306125641,0.9252537707487742,0.9613223266601563,"[0.954730110168457, 0.7779607510566712]","[0.9767546550432841, 0.8737528864542643]",19.89776360001997,29476418,112.44,567.13,/kaggle/working/outputs_topic05/KvasirSEG/checkpoints/best_KvasirSEG_segnet_vgg16_seed3407_frac0p5_lr0p0003.pt,/kaggle/working/outputs_topic05/KvasirSEG/history/history_KvasirSEG_segnet_vgg16_seed3407_frac0p5_lr0p0003.csv,"[""background"", ""polyp""]",266.62526774406433
KvasirSEG,segnet_vgg16,3407,0.25,0.0003,25,0.8479995961983998,0.18335821429888408,0.8576159727573395,0.9189135563373566,0.9571129369735718,"[0.9500074553489685, 0.7652244901657105]","[0.9741355156898499, 0.8636915969848633]",19.515012400006526,29476418,112.44,569.51,/kaggle/working/outputs_topic05/KvasirSEG/checkpoints/best_KvasirSEG_segnet_vgg16_seed3407_frac0p25_lr0p0003.pt,/kaggle/working/outputs_topic05/KvasirSEG/history/history_KvasirSEG_segnet_vgg16_seed3407_frac0p25_lr0p0003.csv,"[""background"", ""polyp""]",268.71824622154236
KvasirSEG,deeplabv3plus_resnet34,42,1.0,0.0003,25,0.8845715594291687,0.14794829607009888,0.8730404488245647,0.9294024610519409,0.9624735514322916,"[0.9555940548578898, 0.7904868427912394]","[0.9771518611907959, 0.8816530609130859]",7.587136099973577,26711458,101.9,441.63,/kaggle/working/outputs_topic05/KvasirSEG/checkpoints/best_KvasirSEG_deeplabv3plus_resnet34_seed42_frac1p0_lr0p0003.pt,/kaggle/working/outputs_topic05/KvasirSEG/history/history_KvasirSEG_deeplabv3plus_resnet34_seed42_frac1p0_lr0p0003.csv,"[""background"", ""polyp""]",306.696494102478
KvasirSEG,deeplabv3plus_resnet34,42,0.5,0.0003,25,0.871861115694046,0.1616279137134552,0.8691384534041087,0.9267084149519602,0.9613106298446655,"[0.9546664110819498, 0.7836104957262675]","[0.9766454474131266, 0.8767713824907939]",7.5473626000166405,26711458,101.9,442.26,/kaggle/working/outputs_topic05/KvasirSEG/checkpoints/best_KvasirSEG_deeplabv3plus_resnet34_seed42_frac0p5_lr0p0003.pt,/kaggle/working/outputs_topic05/KvasirSEG/history/history_KvasirSEG_deeplabv3plus_resnet34_seed42_frac0p5_lr0p0003.csv,"[""background"", ""polyp""]",226.2422435283661
KvasirSEG,deeplabv3plus_resnet34,42,0.25,0.0003,24,0.8481943062941233,0.19465428272883098,0.8423513412475586,0.9103133233388265,0.9523039754231771,"[0.9441695181528728, 0.7405331643422445]","[0.9711722509066264, 0.8494543957710267]",7.513559500002884,26711458,101.9,442.49,/kaggle/working/outputs_topic05/KvasirSEG/checkpoints/best_KvasirSEG_deeplabv3plus_resnet34_seed42_frac0p25_lr0p0003.pt,/kaggle/working/outputs_topic05/KvasirSEG/history/history_KvasirSEG_deeplabv3plus_resnet34_seed42_frac0p25_lr0p0003.csv,"[""background"", ""polyp""]",185.22979831695557
KvasirSEG,deeplabv3plus_resnet34,2025,1.0,0.0003,25,0.8859210431575775,0.14430012305577597,0.8780908803145091,0.932532178958257,0.9640209968884786,"[0.957489800453186, 0.7986919601758321]","[0.9781863276163737, 0.8868780303001403]",7.5759901799756335,26711458,101.9,442.52,/kaggle/working/outputs_topic05/KvasirSEG/checkpoints/best_KvasirSEG_deeplabv3plus_resnet34_seed2025_frac1p0_lr0p0003.pt,/kaggle/working/outputs_topic05/KvasirSEG/history/history_KvasirSEG_deeplabv3plus_resnet34_seed2025_frac1p0_lr0p0003.csv,"[""background"", ""polyp""]",226.21359777450562
KvasirSEG,deeplabv3plus_resnet34,2025,0.5,0.0003,25,0.8741707825660705,0.17161263326803844,0.8533122181892395,0.9163945031166076,0.9566992195447286,"[0.9494810589154561, 0.7571433774630228]","[0.9739534091949463, 0.8588355970382691]",7.69095264004136,26711458,101.9,446.08,/kaggle/working/outputs_topic05/KvasirSEG/checkpoints/best_KvasirSEG_deeplabv3plus_resnet34_seed2025_frac0p5_lr0p0003.pt,/kaggle/working/outputs_topic05/KvasirSEG/history/history_KvasirSEG_deeplabv3plus_resnet34_seed2025_frac0p5_lr0p0003.csv,"[""background"", ""polyp""]",318.56878304481506
KvasirSEG,deeplabv3plus_resnet34,2025,0.25,0.0003,25,0.8417552928129832,0.1725025035937627,0.8561088788509369,0.9191569912433625,0.9567317724227905,"[0.9491593845685323, 0.7630583731333415]","[0.9738130084673564, 0.8645009740193685]",7.410628079960588,26711458,101.9,447.44,/kaggle/working/outputs_topic05/KvasirSEG/checkpoints/best_KvasirSEG_deeplabv3plus_resnet34_seed2025_frac0p25_lr0p0003.pt,/kaggle/working/outputs_topic05/KvasirSEG/history/history_KvasirSEG_deeplabv3plus_resnet34_seed2025_frac0p25_lr0p0003.csv,"[""background"", ""polyp""]",191.5121808052063
KvasirSEG,deeplabv3plus_resnet34,3407,1.0,0.0003,25,0.8805766948064169,0.13586171269416808,0.8795308677355448,0.9329638361930848,0.9649506632486979,"[0.9588086231549581, 0.8002531123161316]","[0.9788350041707357, 0.8870926682154338]",7.568998600036139,26711458,101.9,443.99,/kaggle/working/outputs_topic05/KvasirSEG/checkpoints/best_KvasirSEG_deeplabv3plus_resnet34_seed3407_frac1p0_lr0p0003.pt,/kaggle/working/outputs_topic05/KvasirSEG/history/history_KvasirSEG_deeplabv3plus_resnet34_seed3407_frac1p0_lr0p0003.csv,"[""background"", ""polyp""]",396.58501410484314
KvasirSEG,deeplabv3plus_resnet34,3407,0.5,0.0003,25,0.8748896368344625,0.162620366414388,0.8653128353754679,0.9248606312274933,0.9602739469210306,"[0.9531765047709148, 0.7774491659800211]","[0.9759401599566142, 0.8737811024983724]",7.687115660082782,26711458,101.9,443.62,/kaggle/working/outputs_topic05/KvasirSEG/checkpoints/best_KvasirSEG_deeplabv3plus_resnet34_seed3407_frac0p5_lr0p0003.pt,/kaggle/working/outputs_topic05/KvasirSEG/history/history_KvasirSEG_deeplabv3plus_resnet34_seed3407_frac0p5_lr0p0003.csv,"[""background"", ""polyp""]",416.79898953437805
KvasirSEG,deeplabv3plus_resnet34,3407,0.25,0.0003,25,0.8444195206960042,0.2027852541208267,0.8426109917958577,0.9092171529928843,0.9514902750651042,"[0.9436698794364929, 0.7415521041552225]","[0.970751428604126, 0.8476828773816426]",7.59107630001381,26711458,101.9,443.29,/kaggle/working/outputs_topic05/KvasirSEG/checkpoints/best_KvasirSEG_deeplabv3plus_resnet34_seed3407_frac0p25_lr0p0003.pt,/kaggle/working/outputs_topic05/KvasirSEG/history/history_KvasirSEG_deeplabv3plus_resnet34_seed3407_frac0p25_lr0p0003.csv,"[""background"", ""polyp""]",305.94082951545715
