dataset,model,idx,complexity,group,iou,dice
OxfordPet,unet_resnet34,0,0.2471893310546875,Hard,0.7983294328053793,0.8785533905029297
OxfordPet,unet_resnet34,1,0.2541152954101562,Hard,0.8592012723286947,0.9199216961860657
OxfordPet,unet_resnet34,2,0.23454589843749998,Hard,0.8038049737612406,0.8848577737808228
OxfordPet,unet_resnet34,3,0.2270050048828125,Hard,0.6488159199555715,0.7731002767880758
OxfordPet,unet_resnet34,4,0.14173736572265624,Easy,0.8440943360328674,0.9089033206303915
OxfordPet,unet_resnet34,5,0.24851837158203124,Hard,0.5456290046374003,0.6865827341874441
OxfordPet,unet_resnet34,6,0.2511993408203125,Hard,0.8274791439374288,0.8994064132372538
OxfordPet,unet_resnet34,7,0.1489166259765625,Easy,0.8834558725357056,0.9345897436141968
OxfordPet,unet_resnet34,8,0.23486785888671874,Hard,0.7930941581726074,0.876647412776947
OxfordPet,unet_resnet34,9,0.187646484375,Medium,0.7868172327677408,0.8730856974919637
OxfordPet,unet_resnet34,10,0.22253570556640626,Medium,0.7034639418125153,0.8066201607386271
OxfordPet,unet_resnet34,11,0.1406280517578125,Easy,0.8262052734692892,0.897260049978892
OxfordPet,unet_resnet34,12,0.16244354248046874,Easy,0.5565061469872793,0.7100723187128702
OxfordPet,unet_resnet34,13,0.18466339111328126,Medium,0.851936956246694,0.9147968093554179
OxfordPet,unet_resnet34,14,0.11112823486328124,Easy,0.7288741668065389,0.8288650115331014
OxfordPet,unet_resnet34,15,0.23689727783203124,Hard,0.61569944024086,0.7378974854946136
OxfordPet,unet_resnet34,16,0.15647277832031248,Easy,0.7413553396860758,0.8352500796318054
OxfordPet,unet_resnet34,17,0.2161773681640625,Medium,0.8746299942334493,0.9282181262969971
OxfordPet,unet_resnet34,18,0.19587860107421876,Medium,0.8516750534375509,0.9154719909032186
OxfordPet,unet_resnet34,19,0.12273406982421875,Easy,0.6988319953282675,0.8107260862986246
OxfordPet,unet_resnet34,20,0.2582305908203125,Hard,0.7750561436017355,0.8624062736829122
OxfordPet,unet_resnet34,21,0.06302947998046875,Easy,0.731307844320933,0.8333505789438883
OxfordPet,unet_resnet34,22,0.2029876708984375,Medium,0.8302316069602966,0.9022766351699829
OxfordPet,unet_resnet34,23,0.1706512451171875,Easy,0.8673407832781473,0.9239601492881775
OxfordPet,unet_resnet34,24,0.2258148193359375,Hard,0.7623967528343201,0.8534629742304484
OxfordPet,unet_resnet34,25,0.22142181396484376,Medium,0.8653908173243204,0.9226163824399313
OxfordPet,unet_resnet34,26,0.23341827392578124,Hard,0.8535004258155823,0.9156381686528524
OxfordPet,unet_resnet34,27,0.2319793701171875,Hard,0.8555345336596171,0.9170224269231161
OxfordPet,unet_resnet34,28,0.1567657470703125,Easy,0.8445855776468912,0.9091363350550333
OxfordPet,unet_resnet34,29,0.26130828857421873,Hard,0.8015300432840983,0.8816017111142477
OxfordPet,unet_resnet34,30,0.248321533203125,Hard,0.8241349856058756,0.8961930274963379
OxfordPet,unet_resnet34,31,0.23074951171875,Hard,0.7109598716100057,0.814371923605601
OxfordPet,unet_resnet34,32,0.1800140380859375,Medium,0.8314384818077087,0.9020886023839315
OxfordPet,unet_resnet34,33,0.26867523193359377,Hard,0.8518297870953878,0.9150512019793192
OxfordPet,unet_resnet34,34,0.25756072998046875,Hard,0.8595399657885233,0.9212662974993387
OxfordPet,unet_resnet34,35,0.25562744140625,Hard,0.792841374874115,0.8734635710716248
OxfordPet,unet_resnet34,36,0.24518127441406248,Hard,0.7525433301925659,0.8497398495674133
OxfordPet,unet_resnet34,37,0.265509033203125,Hard,0.8465534448623657,0.9122675657272339
OxfordPet,unet_resnet34,38,0.1498504638671875,Easy,0.8429716229438782,0.906688908735911
OxfordPet,unet_resnet34,39,0.2580978393554687,Hard,0.8206562797228495,0.8938023447990417
OxfordPet,unet_resnet34,40,0.22160186767578124,Medium,0.8692532181739807,0.9276089072227478
OxfordPet,unet_resnet34,41,0.19756011962890624,Medium,0.8635999162991842,0.9233457843462626
OxfordPet,unet_resnet34,42,0.2574569702148437,Hard,0.7725634376207987,0.8649105628331503
OxfordPet,unet_resnet34,43,0.160162353515625,Easy,0.6239976088205973,0.7570448716481527
OxfordPet,unet_resnet34,44,0.12371826171875,Easy,0.8506716092427572,0.9157085220019022
OxfordPet,unet_resnet34,45,0.08950958251953124,Easy,0.7409478227297465,0.8404439091682434
OxfordPet,unet_resnet34,46,0.19307098388671876,Medium,0.5972665945688883,0.7379379073778788
OxfordPet,unet_resnet34,47,0.19025421142578125,Medium,0.5486147701740265,0.7016153335571289
OxfordPet,unet_resnet34,48,0.21605377197265624,Medium,0.822033166885376,0.8968870838483175
OxfordPet,unet_resnet34,49,0.15858917236328124,Easy,0.82489546140035,0.8980170885721842
OxfordPet,unet_resnet34,50,0.21007232666015624,Medium,0.877054770787557,0.9313012560208639
OxfordPet,unet_resnet34,51,0.1236083984375,Easy,0.8704451322555542,0.9276509881019592
OxfordPet,unet_resnet34,52,0.21836090087890625,Medium,0.8724965850512186,0.9277376532554626
OxfordPet,unet_resnet34,53,0.116973876953125,Easy,0.8282315532366434,0.9021430412928263
OxfordPet,unet_resnet34,54,0.16748199462890626,Easy,0.8671785791714987,0.9237788120905558
OxfordPet,unet_resnet34,55,0.055470275878906246,Easy,0.8468100229899088,0.9115642507870992
OxfordPet,unet_resnet34,56,0.22010040283203125,Medium,0.7330141564210256,0.8329834739367167
OxfordPet,unet_resnet34,57,0.19287872314453125,Medium,0.7739072442054749,0.8594443202018738
OxfordPet,unet_resnet34,58,0.20023040771484374,Medium,0.8242703477541605,0.8959620197614034
OxfordPet,unet_resnet34,59,0.13613739013671874,Easy,0.7423809468746185,0.8348656296730042
OxfordPet,unet_resnet34,60,0.27067718505859373,Hard,0.8306347727775574,0.9029711484909058
OxfordPet,unet_resnet34,61,0.1895050048828125,Medium,0.8595327536265055,0.9207781950632731
OxfordPet,unet_resnet34,62,0.2288421630859375,Hard,0.8501284122467041,0.9161363641421
OxfordPet,unet_resnet34,63,0.09974212646484375,Easy,0.7221862475077311,0.833796223004659
OxfordPet,unet_resnet34,64,0.2168487548828125,Medium,0.7909849683443705,0.8749301433563232
OxfordPet,unet_resnet34,65,0.10977935791015625,Easy,0.8778448502222697,0.9317010442415873
OxfordPet,unet_resnet34,66,0.16353607177734375,Easy,0.7237207889556885,0.8239159981409708
OxfordPet,unet_resnet34,67,0.262982177734375,Hard,0.869759996732076,0.9277875622113546
OxfordPet,unet_resnet34,68,0.1547088623046875,Easy,0.8555907011032104,0.9174796541531881
OxfordPet,unet_resnet34,69,0.26529541015625,Hard,0.8530632058779398,0.916973610719045
OxfordPet,unet_resnet34,70,0.18655700683593748,Medium,0.7381336291631063,0.8429210980733236
OxfordPet,unet_resnet34,71,0.21782379150390624,Medium,0.8315882881482443,0.9017889300982157
OxfordPet,unet_resnet34,72,0.28258361816406247,Hard,0.8149334589640299,0.8883366783459982
OxfordPet,unet_resnet34,73,0.206427001953125,Medium,0.8484894235928854,0.9113049904505411
OxfordPet,unet_resnet34,74,0.20593719482421874,Medium,0.8030132452646891,0.8835494915644327
OxfordPet,unet_resnet34,75,0.1895751953125,Medium,0.8530439535776774,0.9138504465421041
OxfordPet,unet_resnet34,76,0.22997283935546875,Hard,0.8162777821222941,0.8907759189605713
OxfordPet,unet_resnet34,77,0.2231536865234375,Medium,0.8817949692408243,0.933539609114329
OxfordPet,unet_resnet34,78,0.13686981201171874,Easy,0.6843085289001465,0.8017480373382568
OxfordPet,unet_resnet34,79,0.24834442138671875,Hard,0.8392495910326639,0.9077852964401245
OxfordPet,unet_resnet34,80,0.17780609130859373,Easy,0.87974613904953,0.9334852496782938
OxfordPet,unet_resnet34,81,0.215374755859375,Medium,0.8721540768941244,0.9283904234568278
OxfordPet,unet_resnet34,82,0.1929779052734375,Medium,0.8173123002052307,0.8943220774332682
OxfordPet,unet_resnet34,83,0.05654144287109375,Easy,0.8440481623013815,0.9102083245913187
OxfordPet,unet_resnet34,84,0.22574462890625,Medium,0.8814283212025961,0.9344403147697449
OxfordPet,unet_resnet34,85,0.1656951904296875,Easy,0.7492250800132751,0.8488089044888815
OxfordPet,unet_resnet34,86,0.1800506591796875,Medium,0.8931414484977722,0.9400191108385721
OxfordPet,unet_resnet34,87,0.0968658447265625,Easy,0.7525760332743326,0.8531967202822367
OxfordPet,unet_resnet34,88,0.210870361328125,Medium,0.7704125841458639,0.8572956720987955
OxfordPet,unet_resnet34,89,0.1437286376953125,Easy,0.8081900874773661,0.8856624166170756
OxfordPet,unet_resnet34,90,0.08852691650390625,Easy,0.8081083496411642,0.8872862259546915
OxfordPet,unet_resnet34,91,0.23445281982421876,Hard,0.8562342325846354,0.9174559315045675
OxfordPet,unet_resnet34,92,0.14578704833984374,Easy,0.859249989191691,0.9208025137583414
OxfordPet,unet_resnet34,93,0.2548004150390625,Hard,0.8769582907358805,0.9311402241388956
OxfordPet,unet_resnet34,94,0.2706451416015625,Hard,0.8476265470186869,0.9130576054255167
OxfordPet,unet_resnet34,95,0.14277038574218748,Easy,0.8630658984184265,0.9213237762451172
OxfordPet,unet_resnet34,96,0.2638519287109375,Hard,0.7949433922767639,0.8800657590230306
OxfordPet,unet_resnet34,97,0.21225280761718748,Medium,0.8419458071390787,0.9097046057383219
OxfordPet,unet_resnet34,98,0.2301239013671875,Hard,0.7268229126930237,0.8351477384567261
OxfordPet,unet_resnet34,99,0.23280639648437498,Hard,0.7361545562744141,0.8299557566642761
OxfordPet,unet_resnet34,100,0.24202728271484375,Hard,0.7097098131974539,0.8149427970250448
OxfordPet,unet_resnet34,101,0.24055938720703124,Hard,0.8403377930323283,0.9078757762908936
OxfordPet,unet_resnet34,102,0.2136474609375,Medium,0.6854069431622823,0.8068720499674479
OxfordPet,unet_resnet34,103,0.1991058349609375,Medium,0.7766130169232687,0.8654794891675314
OxfordPet,unet_resnet34,104,0.1446441650390625,Easy,0.7368504007657369,0.8359868327776591
OxfordPet,unet_resnet34,105,0.1226531982421875,Easy,0.8208336432774862,0.8943901459376017
OxfordPet,unet_resnet34,106,0.20539398193359373,Medium,0.7669883569081625,0.859503706296285
OxfordPet,unet_resnet34,107,0.20011444091796873,Medium,0.7568114201227824,0.8437689542770386
OxfordPet,unet_resnet34,108,0.22321014404296874,Medium,0.8266226251920065,0.8980312744776408
OxfordPet,unet_resnet34,109,0.2154541015625,Medium,0.7430751522382101,0.84529181321462
OxfordPet,unet_resnet34,110,0.22801513671874998,Hard,0.7711384097735087,0.8612093528111776
OxfordPet,unet_resnet34,111,0.17666015625,Easy,0.6878681282202402,0.7925211191177368
OxfordPet,unet_resnet34,112,0.23640899658203124,Hard,0.829120914141337,0.8979989290237427
OxfordPet,unet_resnet34,113,0.0877227783203125,Easy,0.8214106559753418,0.8920688231786092
OxfordPet,unet_resnet34,114,0.206329345703125,Medium,0.7575424909591675,0.8487947980562845
OxfordPet,unet_resnet34,115,0.1131561279296875,Easy,0.7570397953192393,0.8448307911554972
OxfordPet,unet_resnet34,116,0.13336639404296874,Easy,0.8289209802945455,0.9005831877390543
OxfordPet,unet_resnet34,117,0.15238037109375,Easy,0.817094067732493,0.8913760582605997
OxfordPet,unet_resnet34,118,0.18275756835937498,Medium,0.8529053131739298,0.9144996404647827
OxfordPet,unet_resnet34,119,0.241729736328125,Hard,0.8268854816754659,0.8983058532079061
OxfordPet,deeplabv3plus_resnet34,0,0.2471893310546875,Hard,0.7828675905863444,0.8666839599609375
OxfordPet,deeplabv3plus_resnet34,1,0.2541152954101562,Hard,0.8434800505638123,0.9096642732620239
OxfordPet,deeplabv3plus_resnet34,2,0.23454589843749998,Hard,0.786327600479126,0.8725160161654154
OxfordPet,deeplabv3plus_resnet34,3,0.2270050048828125,Hard,0.6677894294261932,0.787526528040568
OxfordPet,deeplabv3plus_resnet34,4,0.14173736572265624,Easy,0.8185243010520935,0.8914603988329569
OxfordPet,deeplabv3plus_resnet34,5,0.24851837158203124,Hard,0.5927580992380778,0.7307059367497762
OxfordPet,deeplabv3plus_resnet34,6,0.2511993408203125,Hard,0.8409358859062195,0.9086607694625854
OxfordPet,deeplabv3plus_resnet34,7,0.1489166259765625,Easy,0.8882258733113607,0.9376677672068278
OxfordPet,deeplabv3plus_resnet34,8,0.23486785888671874,Hard,0.7765692869822184,0.8641726970672607
OxfordPet,deeplabv3plus_resnet34,9,0.187646484375,Medium,0.7977573474248251,0.8811967571576437
OxfordPet,deeplabv3plus_resnet34,10,0.22253570556640626,Medium,0.7085293630758921,0.80925319592158
OxfordPet,deeplabv3plus_resnet34,11,0.1406280517578125,Easy,0.8057312568028768,0.8825677037239075
OxfordPet,deeplabv3plus_resnet34,12,0.16244354248046874,Easy,0.5868100921312968,0.7353354295094808
OxfordPet,deeplabv3plus_resnet34,13,0.18466339111328126,Medium,0.8506211241086324,0.9141205747922262
OxfordPet,deeplabv3plus_resnet34,14,0.11112823486328124,Easy,0.7245852847894033,0.8289080063501993
OxfordPet,deeplabv3plus_resnet34,15,0.23689727783203124,Hard,0.5991515417893728,0.7184736033280691
OxfordPet,deeplabv3plus_resnet34,16,0.15647277832031248,Easy,0.7131480276584625,0.8146614034970602
OxfordPet,deeplabv3plus_resnet34,17,0.2161773681640625,Medium,0.8849459687868754,0.9349279205004374
OxfordPet,deeplabv3plus_resnet34,18,0.19587860107421876,Medium,0.8460349043210348,0.91191166639328
OxfordPet,deeplabv3plus_resnet34,19,0.12273406982421875,Easy,0.7407583594322205,0.8424194653828939
OxfordPet,deeplabv3plus_resnet34,20,0.2582305908203125,Hard,0.7708153128623962,0.8570831418037415
OxfordPet,deeplabv3plus_resnet34,21,0.06302947998046875,Easy,0.5070587595303854,0.6584399342536926
OxfordPet,deeplabv3plus_resnet34,22,0.2029876708984375,Medium,0.8465783794720968,0.912903368473053
OxfordPet,deeplabv3plus_resnet34,23,0.1706512451171875,Easy,0.862409790356954,0.9207653601964315
OxfordPet,deeplabv3plus_resnet34,24,0.2258148193359375,Hard,0.7316970825195312,0.8295055627822876
OxfordPet,deeplabv3plus_resnet34,25,0.22142181396484376,Medium,0.8342470328013102,0.9022806882858276
OxfordPet,deeplabv3plus_resnet34,26,0.23341827392578124,Hard,0.8464959462483724,0.911075750986735
OxfordPet,deeplabv3plus_resnet34,27,0.2319793701171875,Hard,0.8606045444806417,0.920576016108195
OxfordPet,deeplabv3plus_resnet34,28,0.1567657470703125,Easy,0.8511157830556234,0.9137238462766012
OxfordPet,deeplabv3plus_resnet34,29,0.26130828857421873,Hard,0.7538764874140421,0.8465505441029867
OxfordPet,deeplabv3plus_resnet34,30,0.248321533203125,Hard,0.7952036658922831,0.8753902117411295
OxfordPet,deeplabv3plus_resnet34,31,0.23074951171875,Hard,0.7903072039286295,0.8733835419019064
OxfordPet,deeplabv3plus_resnet34,32,0.1800140380859375,Medium,0.8292140563329061,0.900929311911265
OxfordPet,deeplabv3plus_resnet34,33,0.26867523193359377,Hard,0.8229588071505228,0.8961722652117411
OxfordPet,deeplabv3plus_resnet34,34,0.25756072998046875,Hard,0.854265034198761,0.9179909229278564
OxfordPet,deeplabv3plus_resnet34,35,0.25562744140625,Hard,0.8333169420560201,0.9019654194513956
OxfordPet,deeplabv3plus_resnet34,36,0.24518127441406248,Hard,0.778206447760264,0.8599379261334738
OxfordPet,deeplabv3plus_resnet34,37,0.265509033203125,Hard,0.8433564702669779,0.9103754560152689
OxfordPet,deeplabv3plus_resnet34,38,0.1498504638671875,Easy,0.8286927342414856,0.8968029220898946
OxfordPet,deeplabv3plus_resnet34,39,0.2580978393554687,Hard,0.7833593090375265,0.8684554298718771
OxfordPet,deeplabv3plus_resnet34,40,0.22160186767578124,Medium,0.876474142074585,0.9321140249570211
OxfordPet,deeplabv3plus_resnet34,41,0.19756011962890624,Medium,0.8324880798657736,0.9038447539011637
OxfordPet,deeplabv3plus_resnet34,42,0.2574569702148437,Hard,0.7878808180491129,0.8755849798520406
OxfordPet,deeplabv3plus_resnet34,43,0.160162353515625,Easy,0.4568056563536326,0.6148450076580048
OxfordPet,deeplabv3plus_resnet34,44,0.12371826171875,Easy,0.8704081376393636,0.9286545912424723
OxfordPet,deeplabv3plus_resnet34,45,0.08950958251953124,Easy,0.8156880338986715,0.8899714350700378
OxfordPet,deeplabv3plus_resnet34,46,0.19307098388671876,Medium,0.6153339743614197,0.7539214690526327
OxfordPet,deeplabv3plus_resnet34,47,0.19025421142578125,Medium,0.4755413730939229,0.63511061668396
OxfordPet,deeplabv3plus_resnet34,48,0.21605377197265624,Medium,0.7890522281328837,0.8740522265434265
OxfordPet,deeplabv3plus_resnet34,49,0.15858917236328124,Easy,0.8213641047477722,0.8952142596244812
OxfordPet,deeplabv3plus_resnet34,50,0.21007232666015624,Medium,0.8400662144025167,0.9076412518819174
OxfordPet,deeplabv3plus_resnet34,51,0.1236083984375,Easy,0.8769349654515585,0.9319912791252136
OxfordPet,deeplabv3plus_resnet34,52,0.21836090087890625,Medium,0.8768814007441202,0.9308806856473287
OxfordPet,deeplabv3plus_resnet34,53,0.116973876953125,Easy,0.8251160780588785,0.9003640611966451
OxfordPet,deeplabv3plus_resnet34,54,0.16748199462890626,Easy,0.8766758243242899,0.9300994674364725
OxfordPet,deeplabv3plus_resnet34,55,0.055470275878906246,Easy,0.8318857749303182,0.9016568462053934
OxfordPet,deeplabv3plus_resnet34,56,0.22010040283203125,Medium,0.7087103426456451,0.8155917127927145
OxfordPet,deeplabv3plus_resnet34,57,0.19287872314453125,Medium,0.7750531236330668,0.8599243958791097
OxfordPet,deeplabv3plus_resnet34,58,0.20023040771484374,Medium,0.8049277067184448,0.8833049535751343
OxfordPet,deeplabv3plus_resnet34,59,0.13613739013671874,Easy,0.791922926902771,0.8730178276697794
OxfordPet,deeplabv3plus_resnet34,60,0.27067718505859373,Hard,0.8002326091130575,0.8820103804270426
OxfordPet,deeplabv3plus_resnet34,61,0.1895050048828125,Medium,0.8173614343007406,0.894201378027598
OxfordPet,deeplabv3plus_resnet34,62,0.2288421630859375,Hard,0.8466512560844421,0.9141177733739217
OxfordPet,deeplabv3plus_resnet34,63,0.09974212646484375,Easy,0.740514357884725,0.8456752300262451
OxfordPet,deeplabv3plus_resnet34,64,0.2168487548828125,Medium,0.7843730847040812,0.8708638747533163
OxfordPet,deeplabv3plus_resnet34,65,0.10977935791015625,Easy,0.8852773507436117,0.9364879131317139
OxfordPet,deeplabv3plus_resnet34,66,0.16353607177734375,Easy,0.443608025709788,0.6081125636895498
OxfordPet,deeplabv3plus_resnet34,67,0.262982177734375,Hard,0.8742775718371073,0.9306475520133972
OxfordPet,deeplabv3plus_resnet34,68,0.1547088623046875,Easy,0.8475618958473206,0.9124028086662292
OxfordPet,deeplabv3plus_resnet34,69,0.26529541015625,Hard,0.8509435057640076,0.9158176978429159
OxfordPet,deeplabv3plus_resnet34,70,0.18655700683593748,Medium,0.7008564869562784,0.816875159740448
OxfordPet,deeplabv3plus_resnet34,71,0.21782379150390624,Medium,0.8013556798299154,0.880101760228475
OxfordPet,deeplabv3plus_resnet34,72,0.28258361816406247,Hard,0.807904064655304,0.885138213634491
OxfordPet,deeplabv3plus_resnet34,73,0.206427001953125,Medium,0.8695253928502401,0.9254816571871439
OxfordPet,deeplabv3plus_resnet34,74,0.20593719482421874,Medium,0.7477249503135681,0.8469354708989462
OxfordPet,deeplabv3plus_resnet34,75,0.1895751953125,Medium,0.8449313243230184,0.9084938565889994
OxfordPet,deeplabv3plus_resnet34,76,0.22997283935546875,Hard,0.7140371799468994,0.8121370077133179
OxfordPet,deeplabv3plus_resnet34,77,0.2231536865234375,Medium,0.8711878061294556,0.9274482925732931
OxfordPet,deeplabv3plus_resnet34,78,0.13686981201171874,Easy,0.5929745237032572,0.7425512671470642
OxfordPet,deeplabv3plus_resnet34,79,0.24834442138671875,Hard,0.8411223093668619,0.9090960224469503
OxfordPet,deeplabv3plus_resnet34,80,0.17780609130859373,Easy,0.8725096583366394,0.9292716979980469
OxfordPet,deeplabv3plus_resnet34,81,0.215374755859375,Medium,0.8789121905962626,0.9326900641123453
OxfordPet,deeplabv3plus_resnet34,82,0.1929779052734375,Medium,0.8565544287363688,0.9195561011632284
OxfordPet,deeplabv3plus_resnet34,83,0.05654144287109375,Easy,0.8389726678530375,0.9069884220759074
OxfordPet,deeplabv3plus_resnet34,84,0.22574462890625,Medium,0.8466696739196777,0.9128868381182352
OxfordPet,deeplabv3plus_resnet34,85,0.1656951904296875,Easy,0.7443368633588155,0.8438223600387573
OxfordPet,deeplabv3plus_resnet34,86,0.1800506591796875,Medium,0.8752362330754598,0.9286116560300192
OxfordPet,deeplabv3plus_resnet34,87,0.0968658447265625,Easy,0.7371000647544861,0.8435003757476807
OxfordPet,deeplabv3plus_resnet34,88,0.210870361328125,Medium,0.8360874454180399,0.9042718807856241
OxfordPet,deeplabv3plus_resnet34,89,0.1437286376953125,Easy,0.7861793835957845,0.870815654595693
OxfordPet,deeplabv3plus_resnet34,90,0.08852691650390625,Easy,0.8206358949343363,0.8957895636558533
OxfordPet,deeplabv3plus_resnet34,91,0.23445281982421876,Hard,0.9003076553344727,0.9446521401405334
OxfordPet,deeplabv3plus_resnet34,92,0.14578704833984374,Easy,0.8034043709437052,0.884350577990214
OxfordPet,deeplabv3plus_resnet34,93,0.2548004150390625,Hard,0.8710168798764547,0.9275659720102946
OxfordPet,deeplabv3plus_resnet34,94,0.2706451416015625,Hard,0.8476297656695048,0.9127102494239807
OxfordPet,deeplabv3plus_resnet34,95,0.14277038574218748,Easy,0.8251959880193075,0.8966200947761536
OxfordPet,deeplabv3plus_resnet34,96,0.2638519287109375,Hard,0.7941450476646423,0.8784918983777364
OxfordPet,deeplabv3plus_resnet34,97,0.21225280761718748,Medium,0.8457945187886556,0.911993662516276
OxfordPet,deeplabv3plus_resnet34,98,0.2301239013671875,Hard,0.7182144323984782,0.8267877499262491
OxfordPet,deeplabv3plus_resnet34,99,0.23280639648437498,Hard,0.752799799044927,0.8432212074597677
OxfordPet,deeplabv3plus_resnet34,100,0.24202728271484375,Hard,0.7292488515377045,0.8274317383766174
OxfordPet,deeplabv3plus_resnet34,101,0.24055938720703124,Hard,0.819755494594574,0.8946948448816935
OxfordPet,deeplabv3plus_resnet34,102,0.2136474609375,Medium,0.6852673689524332,0.8049419522285461
OxfordPet,deeplabv3plus_resnet34,103,0.1991058349609375,Medium,0.7514222661654154,0.8484203219413757
OxfordPet,deeplabv3plus_resnet34,104,0.1446441650390625,Easy,0.7405919233957926,0.833668053150177
OxfordPet,deeplabv3plus_resnet34,105,0.1226531982421875,Easy,0.8174697955449423,0.8906244238217672
OxfordPet,deeplabv3plus_resnet34,106,0.20539398193359373,Medium,0.7145722905794779,0.8233698407808939
OxfordPet,deeplabv3plus_resnet34,107,0.20011444091796873,Medium,0.7234119673569998,0.8176897168159485
OxfordPet,deeplabv3plus_resnet34,108,0.22321014404296874,Medium,0.8136532505353292,0.8902277946472168
OxfordPet,deeplabv3plus_resnet34,109,0.2154541015625,Medium,0.7288890679677328,0.8380241592725118
OxfordPet,deeplabv3plus_resnet34,110,0.22801513671874998,Hard,0.756754199663798,0.8515100280443827
OxfordPet,deeplabv3plus_resnet34,111,0.17666015625,Easy,0.6864865223566691,0.7908400297164917
OxfordPet,deeplabv3plus_resnet34,112,0.23640899658203124,Hard,0.804925819238027,0.8805128137270609
OxfordPet,deeplabv3plus_resnet34,113,0.0877227783203125,Easy,0.8457109530766805,0.9095073739687601
OxfordPet,deeplabv3plus_resnet34,114,0.206329345703125,Medium,0.7960127393404642,0.87855992714564
OxfordPet,deeplabv3plus_resnet34,115,0.1131561279296875,Easy,0.8261448939641317,0.8967659870783488
OxfordPet,deeplabv3plus_resnet34,116,0.13336639404296874,Easy,0.8313213586807251,0.9020546873410543
OxfordPet,deeplabv3plus_resnet34,117,0.15238037109375,Easy,0.7950735886891683,0.8757445017496744
OxfordPet,deeplabv3plus_resnet34,118,0.18275756835937498,Medium,0.7983213464419047,0.8744732737541199
OxfordPet,deeplabv3plus_resnet34,119,0.241729736328125,Hard,0.7964435418446859,0.877687136332194
OxfordPet,segnet_vgg16,0,0.2471893310546875,Hard,0.531208872795105,0.6700687805811564
OxfordPet,segnet_vgg16,1,0.2541152954101562,Hard,0.8399615486462911,0.9076589941978455
OxfordPet,segnet_vgg16,2,0.23454589843749998,Hard,0.7772671182950338,0.8658513228098551
OxfordPet,segnet_vgg16,3,0.2270050048828125,Hard,0.7507010499636332,0.8465471863746643
OxfordPet,segnet_vgg16,4,0.14173736572265624,Easy,0.826675295829773,0.8983691732088724
OxfordPet,segnet_vgg16,5,0.24851837158203124,Hard,0.5616588095823923,0.7063133319218954
OxfordPet,segnet_vgg16,6,0.2511993408203125,Hard,0.8178051908810934,0.8929044802983602
OxfordPet,segnet_vgg16,7,0.1489166259765625,Easy,0.8613844116528829,0.9201861222585043
OxfordPet,segnet_vgg16,8,0.23486785888671874,Hard,0.7735971411069235,0.8615976969401041
OxfordPet,segnet_vgg16,9,0.187646484375,Medium,0.787233293056488,0.8726803859074911
OxfordPet,segnet_vgg16,10,0.22253570556640626,Medium,0.7172008554140726,0.8154929081598917
OxfordPet,segnet_vgg16,11,0.1406280517578125,Easy,0.8006657560666403,0.8790671030680338
OxfordPet,segnet_vgg16,12,0.16244354248046874,Easy,0.5854954918225607,0.7356614867846171
OxfordPet,segnet_vgg16,13,0.18466339111328126,Medium,0.8410590887069702,0.9073172410329183
OxfordPet,segnet_vgg16,14,0.11112823486328124,Easy,0.6833118895689646,0.7910436987876892
OxfordPet,segnet_vgg16,15,0.23689727783203124,Hard,0.6593173444271088,0.7701427539189657
OxfordPet,segnet_vgg16,16,0.15647277832031248,Easy,0.7314299543698629,0.8264634410540262
OxfordPet,segnet_vgg16,17,0.2161773681640625,Medium,0.8824376265207926,0.9332648317019144
OxfordPet,segnet_vgg16,18,0.19587860107421876,Medium,0.8374912738800049,0.9064050118128458
OxfordPet,segnet_vgg16,19,0.12273406982421875,Easy,0.7006782790025076,0.8114181955655416
OxfordPet,segnet_vgg16,20,0.2582305908203125,Hard,0.46100687980651855,0.6184276541074117
OxfordPet,segnet_vgg16,21,0.06302947998046875,Easy,0.7183207869529724,0.8256200154622396
OxfordPet,segnet_vgg16,22,0.2029876708984375,Medium,0.7586803436279297,0.8502848744392395
OxfordPet,segnet_vgg16,23,0.1706512451171875,Easy,0.890995442867279,0.9389687180519104
OxfordPet,segnet_vgg16,24,0.2258148193359375,Hard,0.8175039887428284,0.8906379342079163
OxfordPet,segnet_vgg16,25,0.22142181396484376,Medium,0.8544346888860067,0.914787749449412
OxfordPet,segnet_vgg16,26,0.23341827392578124,Hard,0.8118923505147299,0.8874565362930298
OxfordPet,segnet_vgg16,27,0.2319793701171875,Hard,0.8582064509391785,0.9189803202946981
OxfordPet,segnet_vgg16,28,0.1567657470703125,Easy,0.8598011334737142,0.9192405541737875
OxfordPet,segnet_vgg16,29,0.26130828857421873,Hard,0.7713905970255533,0.860151211420695
OxfordPet,segnet_vgg16,30,0.248321533203125,Hard,0.7887246608734131,0.870039721330007
OxfordPet,segnet_vgg16,31,0.23074951171875,Hard,0.7900033990542094,0.871819535891215
OxfordPet,segnet_vgg16,32,0.1800140380859375,Medium,0.8004405895868937,0.8810178637504578
OxfordPet,segnet_vgg16,33,0.26867523193359377,Hard,0.8633000651995341,0.9227905670801798
OxfordPet,segnet_vgg16,34,0.25756072998046875,Hard,0.8394792477289835,0.9084936380386353
OxfordPet,segnet_vgg16,35,0.25562744140625,Hard,0.8069739937782288,0.8828957279523214
OxfordPet,segnet_vgg16,36,0.24518127441406248,Hard,0.7126515408356985,0.8169856667518616
OxfordPet,segnet_vgg16,37,0.265509033203125,Hard,0.847107450167338,0.9124908844629923
OxfordPet,segnet_vgg16,38,0.1498504638671875,Easy,0.8239976763725281,0.8947070638338724
OxfordPet,segnet_vgg16,39,0.2580978393554687,Hard,0.803622305393219,0.8814345796902975
OxfordPet,segnet_vgg16,40,0.22160186767578124,Medium,0.8342947363853455,0.9049326777458191
OxfordPet,segnet_vgg16,41,0.19756011962890624,Medium,0.8216342528661092,0.8964870969454447
OxfordPet,segnet_vgg16,42,0.2574569702148437,Hard,0.8396701614061991,0.9081950585047404
OxfordPet,segnet_vgg16,43,0.160162353515625,Easy,0.6468932231267294,0.7704984744389852
OxfordPet,segnet_vgg16,44,0.12371826171875,Easy,0.7951114177703857,0.8780298829078674
OxfordPet,segnet_vgg16,45,0.08950958251953124,Easy,0.6685134669144949,0.783050000667572
OxfordPet,segnet_vgg16,46,0.19307098388671876,Medium,0.5783287187417349,0.725265363852183
OxfordPet,segnet_vgg16,47,0.19025421142578125,Medium,0.5292003651460012,0.683918277422587
OxfordPet,segnet_vgg16,48,0.21605377197265624,Medium,0.7883196075757345,0.8727739651997884
OxfordPet,segnet_vgg16,49,0.15858917236328124,Easy,0.8060106436411539,0.8853011329968771
OxfordPet,segnet_vgg16,50,0.21007232666015624,Medium,0.8095946113268534,0.8895635008811951
OxfordPet,segnet_vgg16,51,0.1236083984375,Easy,0.811903198560079,0.8886461655298868
OxfordPet,segnet_vgg16,52,0.21836090087890625,Medium,0.8541975816090902,0.9155651728312174
OxfordPet,segnet_vgg16,53,0.116973876953125,Easy,0.8287626306215922,0.9020498792330424
OxfordPet,segnet_vgg16,54,0.16748199462890626,Easy,0.8353632688522339,0.9019918839136759
OxfordPet,segnet_vgg16,55,0.055470275878906246,Easy,0.8494363228480021,0.9128942092259725
OxfordPet,segnet_vgg16,56,0.22010040283203125,Medium,0.7260281244913737,0.8269804914792379
OxfordPet,segnet_vgg16,57,0.19287872314453125,Medium,0.7648914158344269,0.8520367940266927
OxfordPet,segnet_vgg16,58,0.20023040771484374,Medium,0.766780952612559,0.8575963576634725
OxfordPet,segnet_vgg16,59,0.13613739013671874,Easy,0.7456989884376526,0.838774581750234
OxfordPet,segnet_vgg16,60,0.27067718505859373,Hard,0.7760741511980692,0.865136464436849
OxfordPet,segnet_vgg16,61,0.1895050048828125,Medium,0.8508278727531433,0.9151897033055624
OxfordPet,segnet_vgg16,62,0.2288421630859375,Hard,0.829454779624939,0.9026718537012736
OxfordPet,segnet_vgg16,63,0.09974212646484375,Easy,0.6723846594492594,0.794395923614502
OxfordPet,segnet_vgg16,64,0.2168487548828125,Medium,0.8038705984751383,0.8835070729255676
OxfordPet,segnet_vgg16,65,0.10977935791015625,Easy,0.8691164255142212,0.9260421593983968
OxfordPet,segnet_vgg16,66,0.16353607177734375,Easy,0.5290838678677877,0.6852818727493286
OxfordPet,segnet_vgg16,67,0.262982177734375,Hard,0.872621496518453,0.9295718868573507
OxfordPet,segnet_vgg16,68,0.1547088623046875,Easy,0.8232618371645609,0.8946745793024699
OxfordPet,segnet_vgg16,69,0.26529541015625,Hard,0.8324523568153381,0.9034698009490967
OxfordPet,segnet_vgg16,70,0.18655700683593748,Medium,0.672384093205134,0.7940500577290853
OxfordPet,segnet_vgg16,71,0.21782379150390624,Medium,0.8304599126180013,0.9014376004536947
OxfordPet,segnet_vgg16,72,0.28258361816406247,Hard,0.8126571178436279,0.8869440158208212
OxfordPet,segnet_vgg16,73,0.206427001953125,Medium,0.8297931949297587,0.897922416528066
OxfordPet,segnet_vgg16,74,0.20593719482421874,Medium,0.7600306272506714,0.8538041313489279
OxfordPet,segnet_vgg16,75,0.1895751953125,Medium,0.8364251255989075,0.9022620519002279
OxfordPet,segnet_vgg16,76,0.22997283935546875,Hard,0.8146240512530009,0.8894543449083964
OxfordPet,segnet_vgg16,77,0.2231536865234375,Medium,0.8729581634203593,0.9275334080060323
OxfordPet,segnet_vgg16,78,0.13686981201171874,Easy,0.562366118033727,0.7101513544718424
OxfordPet,segnet_vgg16,79,0.24834442138671875,Hard,0.8253226081530253,0.8983652393023173
OxfordPet,segnet_vgg16,80,0.17780609130859373,Easy,0.8465304176012675,0.912599782148997
OxfordPet,segnet_vgg16,81,0.215374755859375,Medium,0.8548262317975363,0.9177935322125753
OxfordPet,segnet_vgg16,82,0.1929779052734375,Medium,0.8273376226425171,0.8995170791943868
OxfordPet,segnet_vgg16,83,0.05654144287109375,Easy,0.8523977994918823,0.9152377446492513
OxfordPet,segnet_vgg16,84,0.22574462890625,Medium,0.8784221013387045,0.932719091574351
OxfordPet,segnet_vgg16,85,0.1656951904296875,Easy,0.75112917025884,0.848691721757253
OxfordPet,segnet_vgg16,86,0.1800506591796875,Medium,0.8888044754664103,0.9372868736584982
OxfordPet,segnet_vgg16,87,0.0968658447265625,Easy,0.7090154588222504,0.8160760005315145
OxfordPet,segnet_vgg16,88,0.210870361328125,Medium,0.8023595412572225,0.8807326555252075
OxfordPet,segnet_vgg16,89,0.1437286376953125,Easy,0.7958142558733622,0.8765159447987875
OxfordPet,segnet_vgg16,90,0.08852691650390625,Easy,0.7980048855145773,0.8801198403040568
OxfordPet,segnet_vgg16,91,0.23445281982421876,Hard,0.8867731889088949,0.9365021189053854
OxfordPet,segnet_vgg16,92,0.14578704833984374,Easy,0.8331122001012167,0.9025673667589823
OxfordPet,segnet_vgg16,93,0.2548004150390625,Hard,0.8734884063402811,0.9288656115531921
OxfordPet,segnet_vgg16,94,0.2706451416015625,Hard,0.8534077803293864,0.9164812763532003
OxfordPet,segnet_vgg16,95,0.14277038574218748,Easy,0.7878612875938416,0.8674038449923197
OxfordPet,segnet_vgg16,96,0.2638519287109375,Hard,0.6648672918478647,0.7832473119099935
OxfordPet,segnet_vgg16,97,0.21225280761718748,Medium,0.8687660892804464,0.9263468980789185
OxfordPet,segnet_vgg16,98,0.2301239013671875,Hard,0.6946969032287598,0.8109550277392069
OxfordPet,segnet_vgg16,99,0.23280639648437498,Hard,0.7503889004389445,0.8410196304321289
OxfordPet,segnet_vgg16,100,0.24202728271484375,Hard,0.8108893235524496,0.8854024012883505
OxfordPet,segnet_vgg16,101,0.24055938720703124,Hard,0.8420133392016093,0.9095403949419657
OxfordPet,segnet_vgg16,102,0.2136474609375,Medium,0.7288719415664673,0.8343903422355652
OxfordPet,segnet_vgg16,103,0.1991058349609375,Medium,0.756231943766276,0.8497083187103271
OxfordPet,segnet_vgg16,104,0.1446441650390625,Easy,0.7673679788907369,0.8576502402623495
OxfordPet,segnet_vgg16,105,0.1226531982421875,Easy,0.8093871672948202,0.8843043843905131
OxfordPet,segnet_vgg16,106,0.20539398193359373,Medium,0.6353679299354553,0.7692629297574362
OxfordPet,segnet_vgg16,107,0.20011444091796873,Medium,0.7754201193650564,0.8585816025733948
OxfordPet,segnet_vgg16,108,0.22321014404296874,Medium,0.7561635573705038,0.8525984485944113
OxfordPet,segnet_vgg16,109,0.2154541015625,Medium,0.8169124126434326,0.8934653004010519
OxfordPet,segnet_vgg16,110,0.22801513671874998,Hard,0.758439302444458,0.8514889081319174
OxfordPet,segnet_vgg16,111,0.17666015625,Easy,0.6859951416651408,0.7904589772224426
OxfordPet,segnet_vgg16,112,0.23640899658203124,Hard,0.8238881230354309,0.893665095170339
OxfordPet,segnet_vgg16,113,0.0877227783203125,Easy,0.7862842877705892,0.8686024149258932
OxfordPet,segnet_vgg16,114,0.206329345703125,Medium,0.726040780544281,0.8265724976857504
OxfordPet,segnet_vgg16,115,0.1131561279296875,Easy,0.6878503064314524,0.8063025871912638
OxfordPet,segnet_vgg16,116,0.13336639404296874,Easy,0.7621395786603292,0.8525705933570862
OxfordPet,segnet_vgg16,117,0.15238037109375,Easy,0.7029472589492798,0.8131197293599447
OxfordPet,segnet_vgg16,118,0.18275756835937498,Medium,0.8233904043833414,0.8937215407689413
OxfordPet,segnet_vgg16,119,0.241729736328125,Hard,0.8123312989870707,0.8880043029785156
KvasirSEG,unet_resnet34,0,0.262554931640625,Medium,0.9329483807086945,0.9646892547607422
KvasirSEG,unet_resnet34,1,0.24438781738281248,Easy,0.8894126117229462,0.9404995739459991
KvasirSEG,unet_resnet34,2,0.2974227905273437,Hard,0.925601989030838,0.9599210917949677
KvasirSEG,unet_resnet34,3,0.23695526123046873,Easy,0.9618142247200012,0.9804334938526154
KvasirSEG,unet_resnet34,4,0.25948181152343747,Medium,0.7197721898555756,0.8218345940113068
KvasirSEG,unet_resnet34,5,0.2551223754882812,Medium,0.9794961214065552,0.9895971417427063
KvasirSEG,unet_resnet34,6,0.280322265625,Hard,0.8562036156654358,0.9179922044277191
KvasirSEG,unet_resnet34,7,0.25065460205078127,Easy,0.9323021769523621,0.9644762575626373
KvasirSEG,unet_resnet34,8,0.279925537109375,Medium,0.9564829170703888,0.9774080514907837
KvasirSEG,unet_resnet34,9,0.2654998779296875,Medium,0.9727270603179932,0.986074686050415
KvasirSEG,unet_resnet34,10,0.22179412841796875,Easy,0.8856801390647888,0.9386434257030487
KvasirSEG,unet_resnet34,11,0.2463134765625,Easy,0.947768896818161,0.972948282957077
KvasirSEG,unet_resnet34,12,0.2796142578125,Medium,0.9644229412078857,0.9816661179065704
KvasirSEG,unet_resnet34,13,0.25938873291015624,Medium,0.9792414903640747,0.9894611537456512
KvasirSEG,unet_resnet34,14,0.29176483154296873,Hard,0.920033723115921,0.9568515121936798
KvasirSEG,unet_resnet34,15,0.263299560546875,Medium,0.749234139919281,0.8487005829811096
KvasirSEG,unet_resnet34,16,0.216644287109375,Easy,0.9454005062580109,0.9718324840068817
KvasirSEG,unet_resnet34,17,0.25891265869140623,Medium,0.9536427855491638,0.9760196208953857
KvasirSEG,unet_resnet34,18,0.2730392456054687,Medium,0.9412982761859894,0.96920445561409
KvasirSEG,unet_resnet34,19,0.22905426025390624,Easy,0.9710037112236023,0.9852380752563477
KvasirSEG,unet_resnet34,20,0.2427490234375,Easy,0.9680573344230652,0.9836856126785278
KvasirSEG,unet_resnet34,21,0.25531311035156246,Medium,0.9689219892024994,0.98410964012146
KvasirSEG,unet_resnet34,22,0.23235626220703123,Easy,0.8456966280937195,0.9152513444423676
KvasirSEG,unet_resnet34,23,0.2742401123046875,Medium,0.9447144567966461,0.971064031124115
KvasirSEG,unet_resnet34,24,0.29112854003906247,Hard,0.9649395942687988,0.9818860292434692
KvasirSEG,unet_resnet34,25,0.22279663085937498,Easy,0.9793905317783356,0.9895696043968201
KvasirSEG,unet_resnet34,26,0.2834152221679687,Hard,0.9756667912006378,0.9875718057155609
KvasirSEG,unet_resnet34,27,0.2942169189453125,Hard,0.9085923135280609,0.9500241577625275
KvasirSEG,unet_resnet34,28,0.26263427734375,Medium,0.7694684863090515,0.8600148856639862
KvasirSEG,unet_resnet34,29,0.29457550048828124,Hard,0.860979288816452,0.9199929237365723
KvasirSEG,unet_resnet34,30,0.25985260009765626,Medium,0.8934580683708191,0.9422153532505035
KvasirSEG,unet_resnet34,31,0.22148284912109376,Easy,0.975811243057251,0.9877326190471649
KvasirSEG,unet_resnet34,32,0.18645019531249998,Easy,0.4688715785741806,0.6197012960910797
KvasirSEG,unet_resnet34,33,0.227880859375,Easy,0.9721753895282745,0.9858509004116058
KvasirSEG,unet_resnet34,34,0.293878173828125,Hard,0.8345673084259033,0.9024044573307037
KvasirSEG,unet_resnet34,35,0.23279113769531248,Easy,0.9185264408588409,0.9570846259593964
KvasirSEG,unet_resnet34,36,0.278826904296875,Medium,0.9548477232456207,0.9765366017818451
KvasirSEG,unet_resnet34,37,0.0971649169921875,Easy,0.9393387734889984,0.9685566425323486
KvasirSEG,unet_resnet34,38,0.2804229736328125,Hard,0.9488936364650726,0.9732874035835266
KvasirSEG,unet_resnet34,39,0.29484710693359373,Hard,0.926620602607727,0.9605880081653595
KvasirSEG,unet_resnet34,40,0.22635955810546873,Easy,0.9725093245506287,0.9860242009162903
KvasirSEG,unet_resnet34,41,0.26792449951171876,Medium,0.9646635055541992,0.98183274269104
KvasirSEG,unet_resnet34,42,0.2980789184570312,Hard,0.6257414519786835,0.7121703326702118
KvasirSEG,unet_resnet34,43,0.23049774169921874,Easy,0.945076048374176,0.9716007113456726
KvasirSEG,unet_resnet34,44,0.26735534667968747,Medium,0.8786047995090485,0.9331566989421844
KvasirSEG,unet_resnet34,45,0.2931365966796875,Hard,0.9618995189666748,0.980246514081955
KvasirSEG,unet_resnet34,46,0.27779541015625,Medium,0.947700709104538,0.9726601839065552
KvasirSEG,unet_resnet34,47,0.22747039794921875,Easy,0.9247736036777496,0.9606257677078247
KvasirSEG,unet_resnet34,48,0.28794097900390625,Hard,0.9685158729553223,0.9838021993637085
KvasirSEG,unet_resnet34,49,0.2669769287109375,Medium,0.5419852063059807,0.6368729025125504
KvasirSEG,unet_resnet34,50,0.2507293701171875,Easy,0.9567986726760864,0.9777534306049347
KvasirSEG,unet_resnet34,51,0.22759552001953123,Easy,0.9314056634902954,0.9642130732536316
KvasirSEG,unet_resnet34,52,0.251678466796875,Medium,0.9251718819141388,0.9605586230754852
KvasirSEG,unet_resnet34,53,0.27274627685546876,Medium,0.9785192608833313,0.9890708923339844
KvasirSEG,unet_resnet34,54,0.28649444580078126,Hard,0.9675936996936798,0.9833185970783234
KvasirSEG,unet_resnet34,55,0.29140472412109375,Hard,0.9122884571552277,0.9523113369941711
KvasirSEG,unet_resnet34,56,0.13286285400390624,Easy,0.795265406370163,0.8857811391353607
KvasirSEG,unet_resnet34,57,0.27524261474609374,Medium,0.9366549253463745,0.9666479527950287
KvasirSEG,unet_resnet34,58,0.23040924072265626,Easy,0.9098646938800812,0.9522701501846313
KvasirSEG,unet_resnet34,59,0.23424072265624998,Easy,0.5580592304468155,0.6820995956659317
KvasirSEG,unet_resnet34,60,0.26725311279296876,Medium,0.9594210684299469,0.9790557026863098
KvasirSEG,unet_resnet34,61,0.2766403198242187,Medium,0.9398603737354279,0.9683667421340942
KvasirSEG,unet_resnet34,62,0.27618865966796874,Medium,0.9680213332176208,0.9835817813873291
KvasirSEG,unet_resnet34,63,0.28741455078125,Hard,0.9611444771289825,0.9798748791217804
KvasirSEG,unet_resnet34,64,0.29010162353515623,Hard,0.9384346604347229,0.9674058854579926
KvasirSEG,unet_resnet34,65,0.2974884033203125,Hard,0.549362413585186,0.6263253092765808
KvasirSEG,unet_resnet34,66,0.2352447509765625,Easy,0.9719608128070831,0.9857275187969208
KvasirSEG,unet_resnet34,67,0.2919296264648437,Hard,0.839865654706955,0.9061983823776245
KvasirSEG,unet_resnet34,68,0.26425628662109374,Medium,0.94058758020401,0.9689212441444397
KvasirSEG,unet_resnet34,69,0.22873077392578126,Easy,0.9499492943286896,0.97418412566185
KvasirSEG,unet_resnet34,70,0.12823944091796874,Easy,0.5315399169921875,0.6937096118927002
KvasirSEG,unet_resnet34,71,0.2169189453125,Easy,0.604262188076973,0.7376087605953217
KvasirSEG,unet_resnet34,72,0.29715118408203123,Hard,0.48897408694028854,0.5664167106151581
KvasirSEG,unet_resnet34,73,0.26947784423828125,Medium,0.963908314704895,0.9814328551292419
KvasirSEG,unet_resnet34,74,0.2067962646484375,Easy,0.7587330043315887,0.8600319027900696
KvasirSEG,unet_resnet34,75,0.23507232666015623,Easy,0.7396484315395355,0.847339928150177
KvasirSEG,unet_resnet34,76,0.28807220458984373,Hard,0.9417330920696259,0.9692761600017548
KvasirSEG,unet_resnet34,77,0.2655059814453125,Medium,0.8974282145500183,0.9443252086639404
KvasirSEG,unet_resnet34,78,0.2806838989257812,Hard,0.9599047899246216,0.9792469143867493
KvasirSEG,unet_resnet34,79,0.28685760498046875,Hard,0.9342741072177887,0.9650920331478119
KvasirSEG,unet_resnet34,80,0.283734130859375,Hard,0.8927885293960571,0.94083172082901
KvasirSEG,unet_resnet34,81,0.27533721923828125,Medium,0.9760693907737732,0.9877954423427582
KvasirSEG,unet_resnet34,82,0.28793487548828123,Hard,0.949297308921814,0.9734435677528381
KvasirSEG,unet_resnet34,83,0.2602386474609375,Medium,0.863764762878418,0.9242008328437805
KvasirSEG,unet_resnet34,84,0.29071197509765623,Hard,0.9514183104038239,0.9745853245258331
KvasirSEG,unet_resnet34,85,0.25102691650390624,Medium,0.9692344665527344,0.9842826724052429
KvasirSEG,unet_resnet34,86,0.195867919921875,Easy,0.90943843126297,0.9524021744728088
KvasirSEG,unet_resnet34,87,0.2934295654296875,Hard,0.87828528881073,0.9313107430934906
KvasirSEG,unet_resnet34,88,0.29443969726562497,Hard,0.9398466050624847,0.9681132733821869
KvasirSEG,unet_resnet34,89,0.249359130859375,Easy,0.8616430759429932,0.9237754940986633
KvasirSEG,unet_resnet34,90,0.29676513671875,Hard,0.8843608498573303,0.9350076913833618
KvasirSEG,unet_resnet34,91,0.24749755859375,Easy,0.9155188500881195,0.955243319272995
KvasirSEG,unet_resnet34,92,0.28714599609374997,Hard,0.9452724456787109,0.971244752407074
KvasirSEG,unet_resnet34,93,0.25265960693359374,Medium,0.9102146029472351,0.9520628750324249
KvasirSEG,unet_resnet34,94,0.28399810791015623,Hard,0.9644245505332947,0.9816471040248871
KvasirSEG,unet_resnet34,95,0.26225738525390624,Medium,0.8112429082393646,0.89058917760849
KvasirSEG,unet_resnet34,96,0.29648590087890625,Hard,0.9565685093402863,0.9773421287536621
KvasirSEG,unet_resnet34,97,0.28408203125,Hard,0.957758218050003,0.9780727326869965
KvasirSEG,unet_resnet34,98,0.19016876220703124,Easy,0.846713125705719,0.9168020188808441
KvasirSEG,unet_resnet34,99,0.283038330078125,Hard,0.9263650178909302,0.9606820046901703
KvasirSEG,unet_resnet34,100,0.1757354736328125,Easy,0.8914131224155426,0.9425418078899384
KvasirSEG,unet_resnet34,101,0.273529052734375,Medium,0.9604162275791168,0.9795556962490082
KvasirSEG,unet_resnet34,102,0.27955169677734376,Medium,0.7851677536964417,0.870740532875061
KvasirSEG,unet_resnet34,103,0.29738922119140626,Hard,0.48543548586603547,0.4926101267599716
KvasirSEG,unet_resnet34,104,0.2675003051757812,Medium,0.8949074447154999,0.9429806470870972
KvasirSEG,unet_resnet34,105,0.26715087890625,Medium,0.9215557873249054,0.958225429058075
KvasirSEG,unet_resnet34,106,0.24194641113281248,Easy,0.9103119075298309,0.9524608850479126
KvasirSEG,unet_resnet34,107,0.2950897216796875,Hard,0.9591546654701233,0.9787539839744568
KvasirSEG,unet_resnet34,108,0.2459259033203125,Easy,0.9727363586425781,0.9861164689064026
KvasirSEG,unet_resnet34,109,0.2437286376953125,Easy,0.9742887616157532,0.9869213700294495
KvasirSEG,unet_resnet34,110,0.29228820800781247,Hard,0.9681403040885925,0.9835858941078186
KvasirSEG,unet_resnet34,111,0.2503021240234375,Easy,0.8457721769809723,0.9145120978355408
KvasirSEG,unet_resnet34,112,0.2753570556640625,Medium,0.8220205903053284,0.895547479391098
KvasirSEG,unet_resnet34,113,0.2980926513671875,Hard,0.7552827000617981,0.8397577702999115
KvasirSEG,unet_resnet34,114,0.2555816650390625,Medium,0.9070944786071777,0.9502955377101898
KvasirSEG,unet_resnet34,115,0.21715545654296875,Easy,0.7537885010242462,0.8552710711956024
KvasirSEG,unet_resnet34,116,0.28997039794921875,Hard,0.8009087443351746,0.8793097138404846
KvasirSEG,unet_resnet34,117,0.2765625,Medium,0.8004223108291626,0.8820633590221405
KvasirSEG,unet_resnet34,118,0.222332763671875,Easy,0.9705403447151184,0.9850118160247803
KvasirSEG,unet_resnet34,119,0.2833084106445312,Hard,0.9537766873836517,0.9759296476840973
KvasirSEG,segnet_vgg16,0,0.262554931640625,Medium,0.9639156460762024,0.98145791888237
KvasirSEG,segnet_vgg16,1,0.24438781738281248,Easy,0.9263755083084106,0.9613427221775055
KvasirSEG,segnet_vgg16,2,0.2974227905273437,Hard,0.9208244383335114,0.9571297764778137
KvasirSEG,segnet_vgg16,3,0.23695526123046873,Easy,0.9547975659370422,0.9767321944236755
KvasirSEG,segnet_vgg16,4,0.25948181152343747,Medium,0.7908611595630646,0.875903308391571
KvasirSEG,segnet_vgg16,5,0.2551223754882812,Medium,0.9745298326015472,0.9870320856571198
KvasirSEG,segnet_vgg16,6,0.280322265625,Hard,0.9042798578739166,0.9478826820850372
KvasirSEG,segnet_vgg16,7,0.25065460205078127,Easy,0.9475443959236145,0.9727820456027985
KvasirSEG,segnet_vgg16,8,0.279925537109375,Medium,0.9580610394477844,0.9782590270042419
KvasirSEG,segnet_vgg16,9,0.2654998779296875,Medium,0.965468168258667,0.9822688400745392
KvasirSEG,segnet_vgg16,10,0.22179412841796875,Easy,0.9674643874168396,0.9834176898002625
KvasirSEG,segnet_vgg16,11,0.2463134765625,Easy,0.8925726413726807,0.9422961473464966
KvasirSEG,segnet_vgg16,12,0.2796142578125,Medium,0.9604048132896423,0.9795214235782623
KvasirSEG,segnet_vgg16,13,0.25938873291015624,Medium,0.9742614924907684,0.9868846535682678
KvasirSEG,segnet_vgg16,14,0.29176483154296873,Hard,0.9539929628372192,0.9759768545627594
KvasirSEG,segnet_vgg16,15,0.263299560546875,Medium,0.78812575340271,0.8762214183807373
KvasirSEG,segnet_vgg16,16,0.216644287109375,Easy,0.9164718687534332,0.9561430811882019
KvasirSEG,segnet_vgg16,17,0.25891265869140623,Medium,0.9566890299320221,0.9776466488838196
KvasirSEG,segnet_vgg16,18,0.2730392456054687,Medium,0.9344794154167175,0.9654329717159271
KvasirSEG,segnet_vgg16,19,0.22905426025390624,Easy,0.9808362126350403,0.9903039336204529
KvasirSEG,segnet_vgg16,20,0.2427490234375,Easy,0.9609682261943817,0.9799714684486389
KvasirSEG,segnet_vgg16,21,0.25531311035156246,Medium,0.9746221899986267,0.9870787560939789
KvasirSEG,segnet_vgg16,22,0.23235626220703123,Easy,0.7667410373687744,0.8634150922298431
KvasirSEG,segnet_vgg16,23,0.2742401123046875,Medium,0.9331879317760468,0.9646905660629272
KvasirSEG,segnet_vgg16,24,0.29112854003906247,Hard,0.9669229686260223,0.9829433560371399
KvasirSEG,segnet_vgg16,25,0.22279663085937498,Easy,0.9475168883800507,0.9729364216327667
KvasirSEG,segnet_vgg16,26,0.2834152221679687,Hard,0.9739056527614594,0.9866511523723602
KvasirSEG,segnet_vgg16,27,0.2942169189453125,Hard,0.8956765830516815,0.9422115981578827
KvasirSEG,segnet_vgg16,28,0.26263427734375,Medium,0.7640728950500488,0.8559637069702148
KvasirSEG,segnet_vgg16,29,0.29457550048828124,Hard,0.8476077914237976,0.9111433923244476
KvasirSEG,segnet_vgg16,30,0.25985260009765626,Medium,0.9369294345378876,0.9669650495052338
KvasirSEG,segnet_vgg16,31,0.22148284912109376,Easy,0.978733241558075,0.9892332255840302
KvasirSEG,segnet_vgg16,32,0.18645019531249998,Easy,0.681758850812912,0.8085709810256958
KvasirSEG,segnet_vgg16,33,0.227880859375,Easy,0.9680720269680023,0.9837236106395721
KvasirSEG,segnet_vgg16,34,0.293878173828125,Hard,0.9263255000114441,0.9604413211345673
KvasirSEG,segnet_vgg16,35,0.23279113769531248,Easy,0.9012972712516785,0.9473970234394073
KvasirSEG,segnet_vgg16,36,0.278826904296875,Medium,0.9445445537567139,0.9709229171276093
KvasirSEG,segnet_vgg16,37,0.0971649169921875,Easy,0.9458910226821899,0.9720437824726105
KvasirSEG,segnet_vgg16,38,0.2804229736328125,Hard,0.9590007662773132,0.9787620007991791
KvasirSEG,segnet_vgg16,39,0.29484710693359373,Hard,0.921026349067688,0.9573459029197693
KvasirSEG,segnet_vgg16,40,0.22635955810546873,Easy,0.9749661087989807,0.9872918725013733
KvasirSEG,segnet_vgg16,41,0.26792449951171876,Medium,0.9631872773170471,0.9810524880886078
KvasirSEG,segnet_vgg16,42,0.2980789184570312,Hard,0.8448900282382965,0.9087557792663574
KvasirSEG,segnet_vgg16,43,0.23049774169921874,Easy,0.9277240335941315,0.9622344672679901
KvasirSEG,segnet_vgg16,44,0.26735534667968747,Medium,0.894582062959671,0.9427665770053864
KvasirSEG,segnet_vgg16,45,0.2931365966796875,Hard,0.9310024976730347,0.9631341099739075
KvasirSEG,segnet_vgg16,46,0.27779541015625,Medium,0.9504736661911011,0.9741717278957367
KvasirSEG,segnet_vgg16,47,0.22747039794921875,Easy,0.9403765499591827,0.9690864682197571
KvasirSEG,segnet_vgg16,48,0.28794097900390625,Hard,0.9683994650840759,0.9837408661842346
KvasirSEG,segnet_vgg16,49,0.2669769287109375,Medium,0.7051761299371719,0.8080017864704132
KvasirSEG,segnet_vgg16,50,0.2507293701171875,Easy,0.9267776906490326,0.9615026116371155
KvasirSEG,segnet_vgg16,51,0.22759552001953123,Easy,0.8927195966243744,0.9427140355110168
KvasirSEG,segnet_vgg16,52,0.251678466796875,Medium,0.7954058945178986,0.8802111148834229
KvasirSEG,segnet_vgg16,53,0.27274627685546876,Medium,0.979280948638916,0.9894654750823975
KvasirSEG,segnet_vgg16,54,0.28649444580078126,Hard,0.8700558245182037,0.9267865121364594
KvasirSEG,segnet_vgg16,55,0.29140472412109375,Hard,0.9129247963428497,0.9526946842670441
KvasirSEG,segnet_vgg16,56,0.13286285400390624,Easy,0.9034237563610077,0.9491795003414154
KvasirSEG,segnet_vgg16,57,0.27524261474609374,Medium,0.9396545886993408,0.9683225750923157
KvasirSEG,segnet_vgg16,58,0.23040924072265626,Easy,0.9317367076873779,0.9643850922584534
KvasirSEG,segnet_vgg16,59,0.23424072265624998,Easy,0.5050240829586983,0.6215962469577789
KvasirSEG,segnet_vgg16,60,0.26725311279296876,Medium,0.8719305098056793,0.9288475513458252
KvasirSEG,segnet_vgg16,61,0.2766403198242187,Medium,0.9492381513118744,0.9735079109668732
KvasirSEG,segnet_vgg16,62,0.27618865966796874,Medium,0.7652127146720886,0.8572938144207001
KvasirSEG,segnet_vgg16,63,0.28741455078125,Hard,0.953835129737854,0.9759252965450287
KvasirSEG,segnet_vgg16,64,0.29010162353515623,Hard,0.9432952702045441,0.97011798620224
KvasirSEG,segnet_vgg16,65,0.2974884033203125,Hard,0.5244950875639915,0.5982893854379654
KvasirSEG,segnet_vgg16,66,0.2352447509765625,Easy,0.9156080782413483,0.9553812444210052
KvasirSEG,segnet_vgg16,67,0.2919296264648437,Hard,0.8631100356578827,0.9218831658363342
KvasirSEG,segnet_vgg16,68,0.26425628662109374,Medium,0.9278206527233124,0.9618614912033081
KvasirSEG,segnet_vgg16,69,0.22873077392578126,Easy,0.9656364023685455,0.9824528396129608
KvasirSEG,segnet_vgg16,70,0.12823944091796874,Easy,0.7731064260005951,0.8718714118003845
KvasirSEG,segnet_vgg16,71,0.2169189453125,Easy,0.8453955054283142,0.9151684641838074
KvasirSEG,segnet_vgg16,72,0.29715118408203123,Hard,0.5008890256285667,0.5786843001842499
KvasirSEG,segnet_vgg16,73,0.26947784423828125,Medium,0.8585574924945831,0.9209216237068176
KvasirSEG,segnet_vgg16,74,0.2067962646484375,Easy,0.9111839830875397,0.9533005654811859
KvasirSEG,segnet_vgg16,75,0.23507232666015623,Easy,0.7477128505706787,0.8527756035327911
KvasirSEG,segnet_vgg16,76,0.28807220458984373,Hard,0.959446907043457,0.9789663851261139
KvasirSEG,segnet_vgg16,77,0.2655059814453125,Medium,0.9014968574047089,0.9467867016792297
KvasirSEG,segnet_vgg16,78,0.2806838989257812,Hard,0.9535423219203949,0.975817084312439
KvasirSEG,segnet_vgg16,79,0.28685760498046875,Hard,0.9432603120803833,0.9701199531555176
KvasirSEG,segnet_vgg16,80,0.283734130859375,Hard,0.5417266264557838,0.6100856065750122
KvasirSEG,segnet_vgg16,81,0.27533721923828125,Medium,0.4961715638637543,0.6340816766023636
KvasirSEG,segnet_vgg16,82,0.28793487548828123,Hard,0.9614355564117432,0.98002889752388
KvasirSEG,segnet_vgg16,83,0.2602386474609375,Medium,0.7880860567092896,0.8738414347171783
KvasirSEG,segnet_vgg16,84,0.29071197509765623,Hard,0.9429575800895691,0.9699170887470245
KvasirSEG,segnet_vgg16,85,0.25102691650390624,Medium,0.9675070345401764,0.9833811521530151
KvasirSEG,segnet_vgg16,86,0.195867919921875,Easy,0.7789124250411987,0.8740358054637909
KvasirSEG,segnet_vgg16,87,0.2934295654296875,Hard,0.8955130279064178,0.9420910179615021
KvasirSEG,segnet_vgg16,88,0.29443969726562497,Hard,0.7453750669956207,0.8339837193489075
KvasirSEG,segnet_vgg16,89,0.249359130859375,Easy,0.8795900344848633,0.934663712978363
KvasirSEG,segnet_vgg16,90,0.29676513671875,Hard,0.8863364458084106,0.9362517297267914
KvasirSEG,segnet_vgg16,91,0.24749755859375,Easy,0.9419860541820526,0.9698333740234375
KvasirSEG,segnet_vgg16,92,0.28714599609374997,Hard,0.9129009544849396,0.9528576731681824
KvasirSEG,segnet_vgg16,93,0.25265960693359374,Medium,0.9239529669284821,0.9598228633403778
KvasirSEG,segnet_vgg16,94,0.28399810791015623,Hard,0.9524140357971191,0.9751851260662079
KvasirSEG,segnet_vgg16,95,0.26225738525390624,Medium,0.7231419086456299,0.8248094916343689
KvasirSEG,segnet_vgg16,96,0.29648590087890625,Hard,0.9552993774414062,0.976649820804596
KvasirSEG,segnet_vgg16,97,0.28408203125,Hard,0.9511070847511292,0.9744666814804077
KvasirSEG,segnet_vgg16,98,0.19016876220703124,Easy,0.6649264395236969,0.7987414300441742
KvasirSEG,segnet_vgg16,99,0.283038330078125,Hard,0.913136899471283,0.9530427157878876
KvasirSEG,segnet_vgg16,100,0.1757354736328125,Easy,0.9304117858409882,0.9639419913291931
KvasirSEG,segnet_vgg16,101,0.273529052734375,Medium,0.9718553423881531,0.9856014847755432
KvasirSEG,segnet_vgg16,102,0.27955169677734376,Medium,0.7639120519161224,0.8554299771785736
KvasirSEG,segnet_vgg16,103,0.29738922119140626,Hard,0.7856073975563049,0.8650845289230347
KvasirSEG,segnet_vgg16,104,0.2675003051757812,Medium,0.843429684638977,0.9116169810295105
KvasirSEG,segnet_vgg16,105,0.26715087890625,Medium,0.9492486417293549,0.973585844039917
KvasirSEG,segnet_vgg16,106,0.24194641113281248,Easy,0.596034586429596,0.741419643163681
KvasirSEG,segnet_vgg16,107,0.2950897216796875,Hard,0.8155014216899872,0.8883761465549469
KvasirSEG,segnet_vgg16,108,0.2459259033203125,Easy,0.9753427505493164,0.9874656498432159
KvasirSEG,segnet_vgg16,109,0.2437286376953125,Easy,0.9362552165985107,0.966707706451416
KvasirSEG,segnet_vgg16,110,0.29228820800781247,Hard,0.9717669486999512,0.9855049550533295
KvasirSEG,segnet_vgg16,111,0.2503021240234375,Easy,0.8007026314735413,0.8863298296928406
KvasirSEG,segnet_vgg16,112,0.2753570556640625,Medium,0.8224906325340271,0.895881712436676
KvasirSEG,segnet_vgg16,113,0.2980926513671875,Hard,0.7008402049541473,0.7893938422203064
KvasirSEG,segnet_vgg16,114,0.2555816650390625,Medium,0.8056654036045074,0.8883611857891083
KvasirSEG,segnet_vgg16,115,0.21715545654296875,Easy,0.9521854817867279,0.9754253923892975
KvasirSEG,segnet_vgg16,116,0.28997039794921875,Hard,0.7339466512203217,0.8272400796413422
KvasirSEG,segnet_vgg16,117,0.2765625,Medium,0.7305838167667389,0.8315523862838745
KvasirSEG,segnet_vgg16,118,0.222332763671875,Easy,0.9738664925098419,0.9867301285266876
KvasirSEG,segnet_vgg16,119,0.2833084106445312,Hard,0.9236810505390167,0.9591792523860931
KvasirSEG,deeplabv3plus_resnet34,0,0.262554931640625,Medium,0.9245311319828033,0.9599866569042206
KvasirSEG,deeplabv3plus_resnet34,1,0.24438781738281248,Easy,0.9611551463603973,0.9800684750080109
KvasirSEG,deeplabv3plus_resnet34,2,0.2974227905273437,Hard,0.9331762790679932,0.9642830491065979
KvasirSEG,deeplabv3plus_resnet34,3,0.23695526123046873,Easy,0.9581670761108398,0.9785130620002747
KvasirSEG,deeplabv3plus_resnet34,4,0.25948181152343747,Medium,0.7972849309444427,0.8804503679275513
KvasirSEG,deeplabv3plus_resnet34,5,0.2551223754882812,Medium,0.9704483449459076,0.9849104881286621
KvasirSEG,deeplabv3plus_resnet34,6,0.280322265625,Hard,0.8991199731826782,0.9448078870773315
KvasirSEG,deeplabv3plus_resnet34,7,0.25065460205078127,Easy,0.91291344165802,0.9536442756652832
KvasirSEG,deeplabv3plus_resnet34,8,0.279925537109375,Medium,0.9578336477279663,0.9781352877616882
KvasirSEG,deeplabv3plus_resnet34,9,0.2654998779296875,Medium,0.972317099571228,0.9858613908290863
KvasirSEG,deeplabv3plus_resnet34,10,0.22179412841796875,Easy,0.9520622491836548,0.9753366112709045
KvasirSEG,deeplabv3plus_resnet34,11,0.2463134765625,Easy,0.9428975880146027,0.9703238904476166
KvasirSEG,deeplabv3plus_resnet34,12,0.2796142578125,Medium,0.9482550621032715,0.9729552268981934
KvasirSEG,deeplabv3plus_resnet34,13,0.25938873291015624,Medium,0.9771794974803925,0.9883968830108643
KvasirSEG,deeplabv3plus_resnet34,14,0.29176483154296873,Hard,0.8692934811115265,0.9258326292037964
KvasirSEG,deeplabv3plus_resnet34,15,0.263299560546875,Medium,0.6616658568382263,0.7846307158470154
KvasirSEG,deeplabv3plus_resnet34,16,0.216644287109375,Easy,0.9234374463558197,0.9599936902523041
KvasirSEG,deeplabv3plus_resnet34,17,0.25891265869140623,Medium,0.9228554964065552,0.9591368138790131
KvasirSEG,deeplabv3plus_resnet34,18,0.2730392456054687,Medium,0.9357139468193054,0.966117650270462
KvasirSEG,deeplabv3plus_resnet34,19,0.22905426025390624,Easy,0.976279228925705,0.9879640638828278
KvasirSEG,deeplabv3plus_resnet34,20,0.2427490234375,Easy,0.9556420147418976,0.9771549999713898
KvasirSEG,deeplabv3plus_resnet34,21,0.25531311035156246,Medium,0.9338757693767548,0.9652991592884064
KvasirSEG,deeplabv3plus_resnet34,22,0.23235626220703123,Easy,0.5102971643209457,0.6298592239618301
KvasirSEG,deeplabv3plus_resnet34,23,0.2742401123046875,Medium,0.9420936703681946,0.9696425199508667
KvasirSEG,deeplabv3plus_resnet34,24,0.29112854003906247,Hard,0.950253427028656,0.9739335477352142
KvasirSEG,deeplabv3plus_resnet34,25,0.22279663085937498,Easy,0.961278885602951,0.9801947176456451
KvasirSEG,deeplabv3plus_resnet34,26,0.2834152221679687,Hard,0.969308078289032,0.9842343330383301
KvasirSEG,deeplabv3plus_resnet34,27,0.2942169189453125,Hard,0.8708101511001587,0.9265837669372559
KvasirSEG,deeplabv3plus_resnet34,28,0.26263427734375,Medium,0.7759958505630493,0.8648158609867096
KvasirSEG,deeplabv3plus_resnet34,29,0.29457550048828124,Hard,0.9046537280082703,0.9476019442081451
KvasirSEG,deeplabv3plus_resnet34,30,0.25985260009765626,Medium,0.9342552125453949,0.9654918611049652
KvasirSEG,deeplabv3plus_resnet34,31,0.22148284912109376,Easy,0.96244877576828,0.9808033108711243
KvasirSEG,deeplabv3plus_resnet34,32,0.18645019531249998,Easy,0.47004130482673645,0.6211205422878265
KvasirSEG,deeplabv3plus_resnet34,33,0.227880859375,Easy,0.973824143409729,0.9867029786109924
KvasirSEG,deeplabv3plus_resnet34,34,0.293878173828125,Hard,0.858350545167923,0.9183438718318939
KvasirSEG,deeplabv3plus_resnet34,35,0.23279113769531248,Easy,0.8645144402980804,0.9258938431739807
KvasirSEG,deeplabv3plus_resnet34,36,0.278826904296875,Medium,0.9660325646400452,0.9825206100940704
KvasirSEG,deeplabv3plus_resnet34,37,0.0971649169921875,Easy,0.8794006109237671,0.9349642097949982
KvasirSEG,deeplabv3plus_resnet34,38,0.2804229736328125,Hard,0.9560740292072296,0.9771881997585297
KvasirSEG,deeplabv3plus_resnet34,39,0.29484710693359373,Hard,0.9159071743488312,0.9543329179286957
KvasirSEG,deeplabv3plus_resnet34,40,0.22635955810546873,Easy,0.9732761979103088,0.9864205718040466
KvasirSEG,deeplabv3plus_resnet34,41,0.26792449951171876,Medium,0.9699416756629944,0.9846126139163971
KvasirSEG,deeplabv3plus_resnet34,42,0.2980789184570312,Hard,0.9313210248947144,0.9632067680358887
KvasirSEG,deeplabv3plus_resnet34,43,0.23049774169921874,Easy,0.8624659478664398,0.9252693951129913
KvasirSEG,deeplabv3plus_resnet34,44,0.26735534667968747,Medium,0.9013630151748657,0.9467274248600006
KvasirSEG,deeplabv3plus_resnet34,45,0.2931365966796875,Hard,0.9447064101696014,0.9708481132984161
KvasirSEG,deeplabv3plus_resnet34,46,0.27779541015625,Medium,0.9618874788284302,0.9803212583065033
KvasirSEG,deeplabv3plus_resnet34,47,0.22747039794921875,Easy,0.9749240577220917,0.9872688055038452
KvasirSEG,deeplabv3plus_resnet34,48,0.28794097900390625,Hard,0.9659201204776764,0.9824243783950806
KvasirSEG,deeplabv3plus_resnet34,49,0.2669769287109375,Medium,0.4992634132504463,0.578152984380722
KvasirSEG,deeplabv3plus_resnet34,50,0.2507293701171875,Easy,0.9499103128910065,0.9740842282772064
KvasirSEG,deeplabv3plus_resnet34,51,0.22759552001953123,Easy,0.9266452491283417,0.9616392552852631
KvasirSEG,deeplabv3plus_resnet34,52,0.251678466796875,Medium,0.8580286800861359,0.9211334884166718
KvasirSEG,deeplabv3plus_resnet34,53,0.27274627685546876,Medium,0.9755473732948303,0.9875296652317047
KvasirSEG,deeplabv3plus_resnet34,54,0.28649444580078126,Hard,0.9632517695426941,0.9810096621513367
KvasirSEG,deeplabv3plus_resnet34,55,0.29140472412109375,Hard,0.9113482236862183,0.9517598152160645
KvasirSEG,deeplabv3plus_resnet34,56,0.13286285400390624,Easy,0.7800836563110352,0.8761918842792511
KvasirSEG,deeplabv3plus_resnet34,57,0.27524261474609374,Medium,0.8113807737827301,0.8889437019824982
KvasirSEG,deeplabv3plus_resnet34,58,0.23040924072265626,Easy,0.9459287524223328,0.9720403254032135
KvasirSEG,deeplabv3plus_resnet34,59,0.23424072265624998,Easy,0.6276217103004456,0.7513851821422577
KvasirSEG,deeplabv3plus_resnet34,60,0.26725311279296876,Medium,0.9436691701412201,0.970553070306778
KvasirSEG,deeplabv3plus_resnet34,61,0.2766403198242187,Medium,0.9505685865879059,0.9742321968078613
KvasirSEG,deeplabv3plus_resnet34,62,0.27618865966796874,Medium,0.9424030184745789,0.9697938561439514
KvasirSEG,deeplabv3plus_resnet34,63,0.28741455078125,Hard,0.9636935889720917,0.9812381565570831
KvasirSEG,deeplabv3plus_resnet34,64,0.29010162353515623,Hard,0.9346320927143097,0.9652681946754456
KvasirSEG,deeplabv3plus_resnet34,65,0.2974884033203125,Hard,0.5719963908195496,0.652242437005043
KvasirSEG,deeplabv3plus_resnet34,66,0.2352447509765625,Easy,0.764589250087738,0.8603971302509308
KvasirSEG,deeplabv3plus_resnet34,67,0.2919296264648437,Hard,0.8680205941200256,0.9249247014522552
KvasirSEG,deeplabv3plus_resnet34,68,0.26425628662109374,Medium,0.9036124646663666,0.9482063353061676
KvasirSEG,deeplabv3plus_resnet34,69,0.22873077392578126,Easy,0.9602880477905273,0.9796518385410309
KvasirSEG,deeplabv3plus_resnet34,70,0.12823944091796874,Easy,0.45537032186985016,0.623753160238266
KvasirSEG,deeplabv3plus_resnet34,71,0.2169189453125,Easy,0.8255069553852081,0.9031349122524261
KvasirSEG,deeplabv3plus_resnet34,72,0.29715118408203123,Hard,0.5438389107584953,0.6251994967460632
KvasirSEG,deeplabv3plus_resnet34,73,0.26947784423828125,Medium,0.8718617260456085,0.9291299879550934
KvasirSEG,deeplabv3plus_resnet34,74,0.2067962646484375,Easy,0.9222728312015533,0.9593939781188965
KvasirSEG,deeplabv3plus_resnet34,75,0.23507232666015623,Easy,0.7481531798839569,0.8530647456645966
KvasirSEG,deeplabv3plus_resnet34,76,0.28807220458984373,Hard,0.9386737942695618,0.9675706923007965
KvasirSEG,deeplabv3plus_resnet34,77,0.2655059814453125,Medium,0.9298448860645294,0.9629378914833069
KvasirSEG,deeplabv3plus_resnet34,78,0.2806838989257812,Hard,0.9544245600700378,0.9762967228889465
KvasirSEG,deeplabv3plus_resnet34,79,0.28685760498046875,Hard,0.9392039477825165,0.9678595662117004
KvasirSEG,deeplabv3plus_resnet34,80,0.283734130859375,Hard,0.8735269904136658,0.9290122091770172
KvasirSEG,deeplabv3plus_resnet34,81,0.27533721923828125,Medium,0.9764465987682343,0.9879917204380035
KvasirSEG,deeplabv3plus_resnet34,82,0.28793487548828123,Hard,0.9567697644233704,0.9775145649909973
KvasirSEG,deeplabv3plus_resnet34,83,0.2602386474609375,Medium,0.8765023946762085,0.9320299923419952
KvasirSEG,deeplabv3plus_resnet34,84,0.29071197509765623,Hard,0.8743886351585388,0.9291978180408478
KvasirSEG,deeplabv3plus_resnet34,85,0.25102691650390624,Medium,0.9603386223316193,0.9796125590801239
KvasirSEG,deeplabv3plus_resnet34,86,0.195867919921875,Easy,0.7548465430736542,0.8580323755741119
KvasirSEG,deeplabv3plus_resnet34,87,0.2934295654296875,Hard,0.8968299329280853,0.9429163932800293
KvasirSEG,deeplabv3plus_resnet34,88,0.29443969726562497,Hard,0.8043511211872101,0.8804555237293243
KvasirSEG,deeplabv3plus_resnet34,89,0.249359130859375,Easy,0.8886219263076782,0.9398652613162994
KvasirSEG,deeplabv3plus_resnet34,90,0.29676513671875,Hard,0.8808068931102753,0.9327560663223267
KvasirSEG,deeplabv3plus_resnet34,91,0.24749755859375,Easy,0.880948394536972,0.9353209733963013
KvasirSEG,deeplabv3plus_resnet34,92,0.28714599609374997,Hard,0.9470010995864868,0.9722037017345428
KvasirSEG,deeplabv3plus_resnet34,93,0.25265960693359374,Medium,0.9275972247123718,0.9618582427501678
KvasirSEG,deeplabv3plus_resnet34,94,0.28399810791015623,Hard,0.9733534157276154,0.9863617718219757
KvasirSEG,deeplabv3plus_resnet34,95,0.26225738525390624,Medium,0.8910934627056122,0.940852016210556
KvasirSEG,deeplabv3plus_resnet34,96,0.29648590087890625,Hard,0.9407343864440918,0.9685873687267303
KvasirSEG,deeplabv3plus_resnet34,97,0.28408203125,Hard,0.9379345178604126,0.9671930074691772
KvasirSEG,deeplabv3plus_resnet34,98,0.19016876220703124,Easy,0.3792978823184967,0.5021592155098915
KvasirSEG,deeplabv3plus_resnet34,99,0.283038330078125,Hard,0.9273978173732758,0.9612770080566406
KvasirSEG,deeplabv3plus_resnet34,100,0.1757354736328125,Easy,0.884718656539917,0.9387863874435425
KvasirSEG,deeplabv3plus_resnet34,101,0.273529052734375,Medium,0.9551425874233246,0.9767290949821472
KvasirSEG,deeplabv3plus_resnet34,102,0.27955169677734376,Medium,0.7670431435108185,0.8577095568180084
KvasirSEG,deeplabv3plus_resnet34,103,0.29738922119140626,Hard,0.9161716997623444,0.9544057548046112
KvasirSEG,deeplabv3plus_resnet34,104,0.2675003051757812,Medium,0.9135718643665314,0.9537862837314606
KvasirSEG,deeplabv3plus_resnet34,105,0.26715087890625,Medium,0.9645562767982483,0.9817829132080078
KvasirSEG,deeplabv3plus_resnet34,106,0.24194641113281248,Easy,0.8660580217838287,0.9269875288009644
KvasirSEG,deeplabv3plus_resnet34,107,0.2950897216796875,Hard,0.9170812368392944,0.9549908638000488
KvasirSEG,deeplabv3plus_resnet34,108,0.2459259033203125,Easy,0.95353963971138,0.9760353863239288
KvasirSEG,deeplabv3plus_resnet34,109,0.2437286376953125,Easy,0.95770263671875,0.9782396554946899
KvasirSEG,deeplabv3plus_resnet34,110,0.29228820800781247,Hard,0.9646070003509521,0.9817047715187073
KvasirSEG,deeplabv3plus_resnet34,111,0.2503021240234375,Easy,0.8166283071041107,0.8964081406593323
KvasirSEG,deeplabv3plus_resnet34,112,0.2753570556640625,Medium,0.9252862334251404,0.9602059423923492
KvasirSEG,deeplabv3plus_resnet34,113,0.2980926513671875,Hard,0.7265685945749283,0.8142184317111969
KvasirSEG,deeplabv3plus_resnet34,114,0.2555816650390625,Medium,0.9432879686355591,0.9704432189464569
KvasirSEG,deeplabv3plus_resnet34,115,0.21715545654296875,Easy,0.9274069964885712,0.9621305763721466
KvasirSEG,deeplabv3plus_resnet34,116,0.28997039794921875,Hard,0.9455595910549164,0.9713613986968994
KvasirSEG,deeplabv3plus_resnet34,117,0.2765625,Medium,0.7975606620311737,0.8799384236335754
KvasirSEG,deeplabv3plus_resnet34,118,0.222332763671875,Easy,0.9689213633537292,0.9841727912425995
KvasirSEG,deeplabv3plus_resnet34,119,0.2833084106445312,Hard,0.9492142796516418,0.9734486639499664
